瘤痢,瘤痢疙,老矫,扁柯(∑C),碍荐樊(mm),浅加(m/s),浅氢(16规困),嚼档(%),泅瘤扁拘(hPa),老炼(hr),老荤(MJ/m2),瘤搁柯档(∑C)
156,堡林,2022-07-01 00:00,25.6,,2.2,180,99,1006.1,,,25
156,堡林,2022-07-01 01:00,25.1,,1.4,200,99,1006.1,,,24.8
156,堡林,2022-07-01 02:00,25,,1.8,180,99,1005.8,,,24.4
156,堡林,2022-07-01 03:00,24.9,,1.6,200,99,1006,,,24.2
156,堡林,2022-07-01 04:00,24.5,,.4,0,99,1006.2,,,24
156,堡林,2022-07-01 05:00,24.4,,1,50,99,1006.5,,,24
156,堡林,2022-07-01 06:00,24,,.9,90,99,1006.7,.1,.1,24
156,堡林,2022-07-01 07:00,25.1,,.9,70,99,1006.8,1,.59,24.5
156,堡林,2022-07-01 08:00,27.3,,2.5,200,88,1006.8,1,1.29,27.4
156,堡林,2022-07-01 09:00,28.4,,3.3,180,83,1006.9,1,1.96,32
156,堡林,2022-07-01 10:00,29.8,,1.9,160,74,1006.8,1,2.75,36
156,堡林,2022-07-01 11:00,30.1,,1.5,180,70,1007,.9,2.62,35.1
156,堡林,2022-07-01 12:00,30.6,,3.6,230,68,1007,.6,2.08,36.1
156,堡林,2022-07-01 13:00,31,,3.1,230,64,1006.9,.7,2.73,36.3
156,堡林,2022-07-01 14:00,31.2,,3,200,64,1006.6,.7,2.57,36.1
156,堡林,2022-07-01 15:00,32.5,,2.6,200,63,1006.2,.9,2.76,38.9
156,堡林,2022-07-01 16:00,32.4,,2.6,180,58,1005.7,.9,2.43,37.9
156,堡林,2022-07-01 17:00,32.3,,3.3,200,57,1005.5,.9,1.98,35
156,堡林,2022-07-01 18:00,31.7,,3,200,54,1005.5,1,1.44,31.6
156,堡林,2022-07-01 19:00,30.3,,2.8,200,61,1005.3,.6,.73,29
156,堡林,2022-07-01 20:00,28.9,,3.1,180,62,1005.6,.4,.15,26.8
156,堡林,2022-07-01 21:00,27.4,,1.4,230,67,1005.9,,,25.7
156,堡林,2022-07-01 22:00,27.1,,1.5,200,73,1006.3,,,25
156,堡林,2022-07-01 23:00,26.8,,.5,200,76,1006.6,,,24.5
156,堡林,2022-07-02 00:00,25.9,,.1,0,79,1006.7,,,24
156,堡林,2022-07-02 01:00,25.2,,.7,180,85,1006.7,,,23.7
156,堡林,2022-07-02 02:00,24.6,,.4,0,87,1006.6,,,23.3
156,堡林,2022-07-02 03:00,23.8,,.4,0,94,1006.3,,,23
156,堡林,2022-07-02 04:00,23.2,,1,110,97,1006.5,,,22.9
156,堡林,2022-07-02 05:00,23.2,,.9,90,97,1006.4,,,22.7
156,堡林,2022-07-02 06:00,23.4,,.7,70,97,1006.2,.1,.11,22.8
156,堡林,2022-07-02 07:00,23.8,,.1,0,97,1006.3,1,.66,23.8
156,堡林,2022-07-02 08:00,26.3,,.4,0,85,1006.2,1,1.24,26.8
156,堡林,2022-07-02 09:00,28.3,,.4,0,74,1005.9,1,2.01,31.5
156,堡林,2022-07-02 10:00,30.6,,.4,0,67,1005.8,1,2.69,37.1
156,堡林,2022-07-02 11:00,31.9,,.9,200,58,1005.7,1,3.14,39.4
156,堡林,2022-07-02 12:00,32,,.7,250,57,1005.3,1,3.23,42.7
156,堡林,2022-07-02 13:00,33,,.8,230,54,1004.4,1,3.4,47.8
156,堡林,2022-07-02 14:00,33.5,,1.6,20,53,1003.6,.7,2.5,44.5
156,堡林,2022-07-02 15:00,33.5,,1.2,50,53,1003,.6,1.88,39.8
156,堡林,2022-07-02 16:00,34.2,,.9,20,53,1002.3,.6,1.63,39.2
156,堡林,2022-07-02 17:00,34.5,,.9,140,48,1002,.9,1.56,37.6
156,堡林,2022-07-02 18:00,32,,1.2,270,66,1001.9,.7,.89,33.1
156,堡林,2022-07-02 19:00,30.6,,1.1,320,74,1002.3,.3,.47,31.4
156,堡林,2022-07-02 20:00,29.1,,1.3,250,80,1002.3,.2,.13,29.1
156,堡林,2022-07-02 21:00,28.3,,1.7,250,85,1002.8,,,27.8
156,堡林,2022-07-02 22:00,27.8,,.8,270,87,1003.1,,,27.2
156,堡林,2022-07-02 23:00,27.4,,1.1,250,85,1003.2,,,26.6
156,堡林,2022-07-03 00:00,26.8,,1.5,230,87,1003.3,,,26.6
156,堡林,2022-07-03 01:00,26.7,,.3,0,88,1003.5,,,26.4
156,堡林,2022-07-03 02:00,26.3,,.5,290,89,1003.3,,,25.9
156,堡林,2022-07-03 03:00,26.2,,.3,0,90,1002.8,,,25.3
156,堡林,2022-07-03 04:00,25.6,,.8,50,96,1002.8,,,25.2
156,堡林,2022-07-03 05:00,25.6,,.6,70,92,1002.4,,,25
156,堡林,2022-07-03 06:00,25.2,,.1,0,94,1002.3,0,.09,24.9
156,堡林,2022-07-03 07:00,25.7,,.7,50,90,1002.2,.3,.35,25.8
156,堡林,2022-07-03 08:00,27.3,,1,70,80,1002.2,1,1.17,28.8
156,堡林,2022-07-03 09:00,28.6,,.7,70,67,1002,1,1.65,32.7
156,堡林,2022-07-03 10:00,30.3,,.5,20,62,1001.7,1,2.16,37.1
156,堡林,2022-07-03 11:00,32.1,,1.4,200,57,1001.4,1,2.98,44.2
156,堡林,2022-07-03 12:00,31.4,,1.3,180,63,1000.9,.2,1.77,38.5
156,堡林,2022-07-03 13:00,32.1,,1.3,140,67,1000.4,.3,2,39.2
156,堡林,2022-07-03 14:00,32,,2.2,180,59,1000,0,1.41,39.5
156,堡林,2022-07-03 15:00,33.1,,2.3,230,58,999.5,.4,1.83,42.7
156,堡林,2022-07-03 16:00,32.3,,2.6,180,59,999.3,.8,2.18,38.2
156,堡林,2022-07-03 17:00,32.7,,1.7,180,58,999,.3,.95,37.2
156,堡林,2022-07-03 18:00,30.8,0,2.6,200,66,999.1,.3,.47,31
156,堡林,2022-07-03 19:00,30.1,,2.8,200,69,999.3,0,.3,30.8
156,堡林,2022-07-03 20:00,29.5,,2.6,200,71,999.4,0,.12,29.3
156,堡林,2022-07-03 21:00,28.6,,1.5,200,75,999.7,,,28.1
156,堡林,2022-07-03 22:00,28.1,,1.2,200,78,999.9,,,27.3
156,堡林,2022-07-03 23:00,27.7,,.7,200,83,999.6,,,26.7
156,堡林,2022-07-04 00:00,27.3,,1.1,180,83,999.6,,,26.6
156,堡林,2022-07-04 01:00,27,,.4,0,84,999.5,,,26.6
156,堡林,2022-07-04 02:00,27,,.9,90,86,999.2,,,26.8
156,堡林,2022-07-04 03:00,26.9,,.8,110,86,998.8,,,26.7
156,堡林,2022-07-04 04:00,24.5,.6,0,0,99,998.6,,,26
156,堡林,2022-07-04 05:00,24.3,.6,0,0,99,998.3,,,25.9
156,堡林,2022-07-04 06:00,24.6,0,.5,50,99,998.4,0,.06,26
156,堡林,2022-07-04 07:00,25.2,,.4,0,99,998.4,0,.22,26.7
156,堡林,2022-07-04 08:00,25.6,,.1,0,99,998.4,0,.5,28.1
156,堡林,2022-07-04 09:00,27.6,,.7,160,95,998.2,.2,1.04,31.9
156,堡林,2022-07-04 10:00,28.8,,1.6,180,87,998,.3,1.58,33.8
156,堡林,2022-07-04 11:00,29.5,,1.5,200,77,997.9,1,2.97,36.6
156,堡林,2022-07-04 12:00,29.5,,1,180,77,997.7,.1,1.27,33.7
156,堡林,2022-07-04 13:00,29.3,,1.2,70,78,997.4,.2,1.98,33.5
156,堡林,2022-07-04 14:00,29.1,0,1,140,79,996.9,0,.7,30.8
156,堡林,2022-07-04 15:00,29.6,0,1.4,290,79,996.6,0,.95,33.3
156,堡林,2022-07-04 16:00,30.3,,.6,50,76,996.4,0,1.24,33.7
156,堡林,2022-07-04 17:00,31.2,,.4,0,69,995.8,.8,1.72,35.1
156,堡林,2022-07-04 18:00,27.2,.9,.4,0,94,995.6,.5,.74,29.6
156,堡林,2022-07-04 19:00,27.2,0,1.5,250,97,996.2,0,.1,28.6
156,堡林,2022-07-04 20:00,27.1,,.5,250,99,996.3,0,.07,27.7
156,堡林,2022-07-04 21:00,26.6,,.4,0,99,996.9,,,27
156,堡林,2022-07-04 22:00,26.5,,.2,0,99,997.4,,,26.6
156,堡林,2022-07-04 23:00,26.1,,.3,0,99,997.6,,,26.3
156,堡林,2022-07-05 00:00,25.9,,.3,0,99,997.3,,,26
156,堡林,2022-07-05 01:00,25.7,,.7,230,99,997.1,,,25.8
156,堡林,2022-07-05 02:00,25.6,,0,0,99,996.8,,,25.9
156,堡林,2022-07-05 03:00,25.5,,0,0,99,996.9,,,25.8
156,堡林,2022-07-05 04:00,25.4,,0,0,99,996.9,,,25.7
156,堡林,2022-07-05 05:00,25.5,,0,0,99,997,,,26
156,堡林,2022-07-05 06:00,25.5,,.5,270,99,997.1,0,.08,26
156,堡林,2022-07-05 07:00,26,,.3,0,99,997.4,0,.39,27.6
156,堡林,2022-07-05 08:00,26.2,,.8,250,99,997.8,.1,.58,28.4
156,堡林,2022-07-05 09:00,27.5,,.9,200,98,998,.3,1.35,31
156,堡林,2022-07-05 10:00,29.2,,.9,250,88,997.9,.7,2.1,35.4
156,堡林,2022-07-05 11:00,30.4,,.8,340,81,997.6,.4,1.85,35.8
156,堡林,2022-07-05 12:00,31.5,,.9,70,72,997.1,.6,2.39,39.6
156,堡林,2022-07-05 13:00,31.3,,.9,360,71,996.8,.3,1.9,35.4
156,堡林,2022-07-05 14:00,31.2,,1.8,20,75,996.5,.1,1.81,37
156,堡林,2022-07-05 15:00,30.7,,.8,320,80,996.6,.2,1.56,34.9
156,堡林,2022-07-05 16:00,31.6,,1.2,50,77,996.7,.4,1.33,36.3
156,堡林,2022-07-05 17:00,30.7,,1,320,78,996.2,.1,.94,33
156,堡林,2022-07-05 18:00,26.1,7,1.4,180,99,996.7,0,.36,29.7
156,堡林,2022-07-05 19:00,26.5,.3,2,230,99,997.5,0,.23,29.3
156,堡林,2022-07-05 20:00,26.7,,1.4,200,99,998.1,0,.08,28.3
156,堡林,2022-07-05 21:00,26.4,,1,160,99,998.5,,,27.8
156,堡林,2022-07-05 22:00,26.3,,1.2,180,99,999.3,,,27.6
156,堡林,2022-07-05 23:00,26.1,,.1,0,99,999.3,,,27.3
156,堡林,2022-07-06 00:00,25.8,,.1,0,99,999.5,,,26.9
156,堡林,2022-07-06 01:00,26,,.8,180,99,999,,,26.7
156,堡林,2022-07-06 02:00,26,,.1,0,99,999.2,,,26.6
156,堡林,2022-07-06 03:00,25.8,,.6,180,99,999.2,,,26.5
156,堡林,2022-07-06 04:00,26.1,,.6,230,99,999.7,,,26.3
156,堡林,2022-07-06 05:00,25.4,,1.5,180,99,999.6,,,26
156,堡林,2022-07-06 06:00,25.5,,1.4,70,99,999.5,0,.09,26.1
156,堡林,2022-07-06 07:00,26.1,,.6,50,99,1000.1,.2,.31,26.5
156,堡林,2022-07-06 08:00,27.8,,.8,200,96,1000.7,.8,1.09,28.5
156,堡林,2022-07-06 09:00,28.8,,.9,180,92,1000.6,1,1.62,31.1
156,堡林,2022-07-06 10:00,29.5,,1.2,200,86,1000.3,.7,1.73,32.7
156,堡林,2022-07-06 11:00,30.8,,3.4,230,79,1000.3,.9,2.56,35.8
156,堡林,2022-07-06 12:00,31.4,,2,180,74,1000,.4,1.98,34.8
156,堡林,2022-07-06 13:00,32.4,,1.8,200,70,999.5,.7,2.8,37.5
156,堡林,2022-07-06 14:00,33,,2.4,200,63,998.7,.8,2.68,37.5
156,堡林,2022-07-06 15:00,32.5,,1.9,140,65,998.4,.8,2.47,35.1
156,堡林,2022-07-06 16:00,32.6,,2.1,160,67,998.3,.7,1.78,35
156,堡林,2022-07-06 17:00,32.8,,4.2,200,62,998.5,.9,1.76,33.6
156,堡林,2022-07-06 18:00,32.1,,3.2,200,66,998.7,1,1.53,32.2
156,堡林,2022-07-06 19:00,30,,2.5,180,77,999.3,.5,.73,30.3
156,堡林,2022-07-06 20:00,29.1,,2.5,180,83,999.7,0,.1,28.8
156,堡林,2022-07-06 21:00,28.6,,2.7,200,88,1000.4,,,28.3
156,堡林,2022-07-06 22:00,28.2,,2.8,180,89,1000.6,,,27.6
156,堡林,2022-07-06 23:00,27.8,,2.6,180,93,1000.6,,,27.3
156,堡林,2022-07-07 00:00,28,,2.6,180,89,1000.3,,,26.9
156,堡林,2022-07-07 01:00,27.5,,3,200,94,1000.6,,,26.8
156,堡林,2022-07-07 02:00,27.4,,2.4,200,94,1000.7,,,26.7
156,堡林,2022-07-07 03:00,27.4,,2.5,180,95,1000.2,,,26.5
156,堡林,2022-07-07 04:00,27.2,,2.7,180,97,1000.1,,,26.3
156,堡林,2022-07-07 05:00,27.2,,2.6,180,96,1000.2,,,26.2
156,堡林,2022-07-07 06:00,27,,2.7,180,97,1000.3,0,.08,26.2
156,堡林,2022-07-07 07:00,27.3,,2.6,180,96,1000.2,.7,.39,26.5
156,堡林,2022-07-07 08:00,29.1,,2.3,200,84,1000.2,1,1.19,28.9
156,堡林,2022-07-07 09:00,30,,3.6,200,80,999.9,1,1.89,31.8
156,堡林,2022-07-07 10:00,31.3,,3.5,200,74,999.6,1,2.58,36.1
156,堡林,2022-07-07 11:00,32.7,,3.3,200,70,999.3,1,3.18,40.2
156,堡林,2022-07-07 12:00,32.4,,4,200,68,999,.9,2.94,40
156,堡林,2022-07-07 13:00,31.5,,3.9,180,69,998.7,.3,1.72,35.6
156,堡林,2022-07-07 14:00,30.4,,3.6,180,76,998.7,0,.92,33.1
156,堡林,2022-07-07 15:00,31,,3.4,200,78,998.5,0,1.25,35.1
156,堡林,2022-07-07 16:00,30.5,,2.7,230,81,998.2,.3,1.59,34
156,堡林,2022-07-07 17:00,29.7,0,2.4,200,86,997.9,0,.45,31.5
156,堡林,2022-07-07 18:00,29.3,0,3.8,200,89,997.7,0,.29,30.2
156,堡林,2022-07-07 19:00,28.2,0,3,200,98,997.9,0,.13,28.9
156,堡林,2022-07-07 20:00,26.5,1.1,1.6,230,99,998.2,0,.06,28.3
156,堡林,2022-07-07 21:00,26.9,1.6,.8,200,99,998.3,,,28.4
156,堡林,2022-07-07 22:00,26.7,0,1.6,270,99,998.7,,,28
156,堡林,2022-07-07 23:00,26.2,2.2,1.5,200,99,998.4,,,27.7
156,堡林,2022-07-08 00:00,26.1,,1.7,230,99,998.1,,,27.8
156,堡林,2022-07-08 01:00,26.1,,1.5,230,99,997.9,,,27.7
156,堡林,2022-07-08 02:00,26,,2.3,250,99,997.6,,,27.6
156,堡林,2022-07-08 03:00,26,,2.6,230,99,997,,,27.4
156,堡林,2022-07-08 04:00,25.9,,2.5,230,99,997,,,27.3
156,堡林,2022-07-08 05:00,25.8,,1.2,250,99,997,,,27.2
156,堡林,2022-07-08 06:00,25.7,,1.8,230,99,996.9,0,.07,27.2
156,堡林,2022-07-08 07:00,26.1,,1,230,99,997.1,0,.18,27.6
156,堡林,2022-07-08 08:00,26.6,,1.5,230,99,997.4,0,.32,28.1
156,堡林,2022-07-08 09:00,27.5,,1,250,99,997.2,0,.55,29.2
156,堡林,2022-07-08 10:00,27.9,,1.1,230,98,996.9,0,.86,29.9
156,堡林,2022-07-08 11:00,27.8,,1,230,98,996.5,0,.58,29.4
156,堡林,2022-07-08 12:00,26.6,.3,.6,20,99,996.2,0,.28,28.7
156,堡林,2022-07-08 13:00,25.8,4.5,.5,230,99,996.2,0,.37,28.3
156,堡林,2022-07-08 14:00,26.5,,.8,250,99,995.7,0,.66,29.2
156,堡林,2022-07-08 15:00,27.2,,.8,360,99,995.1,0,1.1,29.9
156,堡林,2022-07-08 16:00,29.4,,1.5,270,92,994.7,.4,1.71,32.3
156,堡林,2022-07-08 17:00,29.1,,1.1,320,83,994.2,.4,1.22,30.9
156,堡林,2022-07-08 18:00,29.4,,1.1,270,81,993.9,.7,1.07,30.3
156,堡林,2022-07-08 19:00,28.5,,.7,270,81,994.2,.4,.53,28.9
156,堡林,2022-07-08 20:00,27.1,,.8,290,93,994.8,.1,.12,27.5
156,堡林,2022-07-08 21:00,26,,.4,0,97,995.2,,,26.6
156,堡林,2022-07-08 22:00,24.9,,0,0,99,995.5,,,25.9
156,堡林,2022-07-08 23:00,24.9,,1.1,250,99,995.3,,,25.7
156,堡林,2022-07-09 00:00,24.4,,1.5,270,99,995.1,,,25.5
156,堡林,2022-07-09 01:00,23.9,,2.1,250,99,994.9,,,25.2
156,堡林,2022-07-09 02:00,24,,.5,290,99,994.8,,,25.4
156,堡林,2022-07-09 03:00,23.8,,.3,0,99,994.4,,,25.3
156,堡林,2022-07-09 04:00,24,,.2,0,99,994.4,,,25.3
156,堡林,2022-07-09 05:00,23.9,,.4,0,99,994.8,,,25.1
156,堡林,2022-07-09 06:00,23.9,,.6,320,99,995.4,0,.07,25.2
156,堡林,2022-07-09 07:00,23.8,,.3,0,99,995.7,0,.17,25.4
156,堡林,2022-07-09 08:00,24.5,,1,340,98,995.7,.3,.71,26.4
156,堡林,2022-07-09 09:00,26.3,,.4,0,96,995.6,.4,1.09,28.5
156,堡林,2022-07-09 10:00,26.7,,.8,140,88,995.5,.6,1.65,29.6
156,堡林,2022-07-09 11:00,27.6,,1.4,90,86,995.3,.2,1.41,30.2
156,堡林,2022-07-09 12:00,27.7,,1.1,50,84,995.2,.1,1.45,30.6
156,堡林,2022-07-09 13:00,28.1,,1.3,50,84,995,.1,1.54,30.6
156,堡林,2022-07-09 14:00,30,,1.1,70,79,994.6,.4,2.12,34.8
156,堡林,2022-07-09 15:00,30.6,,1.4,50,66,994.5,.5,2.21,34.4
156,堡林,2022-07-09 16:00,30.5,,1.7,50,64,994.5,.9,2.46,32.6
156,堡林,2022-07-09 17:00,30.9,,1.7,70,64,994.2,.8,1.7,32.4
156,堡林,2022-07-09 18:00,30.2,,2,70,72,994.1,1,1.24,30.7
156,堡林,2022-07-09 19:00,28.9,,1.5,70,77,994.3,.6,.54,29.1
156,堡林,2022-07-09 20:00,28.1,,1.3,70,84,994.8,0,.13,27.7
156,堡林,2022-07-09 21:00,27.8,,.2,0,90,995.5,,,27.2
156,堡林,2022-07-09 22:00,27,,1.1,50,97,996.5,,,26.9
156,堡林,2022-07-09 23:00,26.4,,1.1,70,98,997,,,26.4
156,堡林,2022-07-10 00:00,25.4,,1.1,70,99,997.1,,,26.1
156,堡林,2022-07-10 01:00,25.6,,.5,50,99,996.6,,,25.8
156,堡林,2022-07-10 02:00,25.4,,.5,50,99,996.5,,,25.7
156,堡林,2022-07-10 03:00,24.8,,.7,20,99,996.2,,,25.4
156,堡林,2022-07-10 04:00,24.5,,0,0,99,996.5,,,25.3
156,堡林,2022-07-10 05:00,24.6,,.3,0,99,996.8,,,25.1
156,堡林,2022-07-10 06:00,24.6,,.2,0,99,997.2,0,.07,25.2
156,堡林,2022-07-10 07:00,25,,.1,0,99,997.3,.1,.33,26.1
156,堡林,2022-07-10 08:00,26.2,,.2,0,99,998,.6,.96,27.8
156,堡林,2022-07-10 09:00,27.7,,.2,0,94,997.9,1,1.73,30.3
156,堡林,2022-07-10 10:00,29.5,,.7,20,85,997.9,1,2.44,33.2
156,堡林,2022-07-10 11:00,29.5,,.9,340,80,998.2,.5,2.01,31.7
156,堡林,2022-07-10 12:00,30.7,,.9,20,77,998.2,.5,1.99,33.8
156,堡林,2022-07-10 13:00,32.6,,1.3,230,65,997.8,.8,2.67,37.9
156,堡林,2022-07-10 14:00,32.8,,2.3,250,61,997,1,3.35,38.1
156,堡林,2022-07-10 15:00,32.6,,1.8,230,62,996.6,.8,2.62,36
156,堡林,2022-07-10 16:00,32.6,,2,160,68,996.2,.8,1.88,34.7
156,堡林,2022-07-10 17:00,31.4,,2.7,200,71,996.1,.1,.64,32.1
156,堡林,2022-07-10 18:00,30.9,,4,230,69,996.1,0,.51,31.2
156,堡林,2022-07-10 19:00,29.6,,4.3,230,80,996.8,0,.34,29.9
156,堡林,2022-07-10 20:00,28.5,,3.4,230,86,997.4,0,.11,28.6
156,堡林,2022-07-10 21:00,28.1,,2.5,230,87,997.9,,,28.1
156,堡林,2022-07-10 22:00,27.5,,2.4,200,92,998.3,,,27.6
156,堡林,2022-07-10 23:00,27,,2.1,200,95,998.2,,,27.4
156,堡林,2022-07-11 00:00,26.3,0,1.4,200,97,998.2,,,26.9
156,堡林,2022-07-11 01:00,24.6,6.9,.9,110,99,997.7,,,26.4
156,堡林,2022-07-11 02:00,25,.4,.4,0,99,997.1,,,26.6
156,堡林,2022-07-11 03:00,24.6,,.1,0,99,996.9,,,26.5
156,堡林,2022-07-11 04:00,24.6,4.4,1.4,200,99,997.1,,,26.2
156,堡林,2022-07-11 05:00,24.4,.6,.9,180,99,997.3,,,26.2
156,堡林,2022-07-11 06:00,24.2,.6,1.1,70,99,997.4,0,.06,26
156,堡林,2022-07-11 07:00,24,.5,.5,50,99,997.6,0,.09,26.1
156,堡林,2022-07-11 08:00,24.3,.7,.9,90,99,997.4,0,.25,26.6
156,堡林,2022-07-11 09:00,25.5,.2,.4,0,99,997.7,0,.54,27.8
156,堡林,2022-07-11 10:00,27,,1.5,200,99,997.6,.4,1.42,29.8
156,堡林,2022-07-11 11:00,27.7,,2,230,98,997.6,.2,1.64,30.6
156,堡林,2022-07-11 12:00,28.1,,.3,0,90,997.2,.1,1.41,30
156,堡林,2022-07-11 13:00,29.8,,.4,0,75,997.2,.4,2.14,34
156,堡林,2022-07-11 14:00,30.1,,.9,90,74,996.8,.5,2.29,35.8
156,堡林,2022-07-11 15:00,29.6,,1.2,200,79,996.7,.2,1.4,31.6
156,堡林,2022-07-11 16:00,29.2,0,2.2,250,84,996.9,.1,.62,29.8
156,堡林,2022-07-11 17:00,29.6,,1.9,250,82,997,0,.53,30.8
156,堡林,2022-07-11 18:00,30.2,,1.2,290,78,997,.5,1.14,31.7
156,堡林,2022-07-11 19:00,28.8,,.2,0,89,997.5,.2,.37,28.8
156,堡林,2022-07-11 20:00,28,,.1,0,96,998.1,0,.13,27.9
156,堡林,2022-07-11 21:00,27.5,,1,290,98,998.9,,,27.3
156,堡林,2022-07-11 22:00,27.3,,.9,290,98,999.7,,,26.9
156,堡林,2022-07-11 23:00,27,,.4,0,99,999.7,,,26.7
156,堡林,2022-07-12 00:00,27,,1.1,250,98,999.9,,,26.5
156,堡林,2022-07-12 01:00,26.7,,1.3,250,99,999.8,,,26.2
156,堡林,2022-07-12 02:00,26.3,,.8,250,99,999.7,,,26.2
156,堡林,2022-07-12 03:00,26.2,,1,200,99,999.4,,,26
156,堡林,2022-07-12 04:00,25.9,,.6,180,99,999.1,,,25.9
156,堡林,2022-07-12 05:00,26,,.9,200,99,999.4,,,25.7
156,堡林,2022-07-12 06:00,25.8,,.7,250,99,999.5,0,.08,26.2
156,堡林,2022-07-12 07:00,26.4,,.2,0,99,999.4,0,.28,27.4
156,堡林,2022-07-12 08:00,27.2,,.5,90,98,999.4,0,.64,29.5
156,堡林,2022-07-12 09:00,28.3,,1.8,230,93,999.9,.3,1.37,33.2
156,堡林,2022-07-12 10:00,29.9,,2.6,200,88,1000.1,.2,1.6,36.5
156,堡林,2022-07-12 11:00,29.2,,1.7,250,89,1000.5,.1,1.41,34.5
156,堡林,2022-07-12 12:00,28.6,,2.8,180,93,1000.3,.3,1.81,37.2
156,堡林,2022-07-12 13:00,30.7,,2.5,200,84,1000.1,.8,3.3,41.6
156,堡林,2022-07-12 14:00,29.5,,2.5,200,82,999.7,.7,2.61,39.3
156,堡林,2022-07-12 15:00,30.1,,2.7,200,76,999.5,.6,2.52,37.6
156,堡林,2022-07-12 16:00,30.2,,2.4,180,77,999.1,.5,1.85,40.5
156,堡林,2022-07-12 17:00,29.6,,2.3,200,81,998.8,.1,1.04,35.9
156,堡林,2022-07-12 18:00,28.8,,3.2,200,82,999.2,0,.5,32.4
156,堡林,2022-07-12 19:00,27.7,,3.4,200,85,999.2,0,.31,29.5
156,堡林,2022-07-12 20:00,26.8,,3.5,180,90,999.1,0,.1,27.2
156,堡林,2022-07-12 21:00,26.1,,3.3,200,93,1000.2,,,26.7
156,堡林,2022-07-12 22:00,26.1,,2.3,180,90,1000.3,,,25.7
156,堡林,2022-07-12 23:00,25.8,,2.8,180,89,999.5,,,25.2
156,堡林,2022-07-13 00:00,25,,4.1,230,93,999.8,,,24.6
156,堡林,2022-07-13 01:00,25.3,,1.5,160,92,999.8,,,24.4
156,堡林,2022-07-13 02:00,25,,2.1,230,93,999.5,,,24.7
156,堡林,2022-07-13 03:00,24.8,,2.2,200,95,999.5,,,24.5
156,堡林,2022-07-13 04:00,24.8,,1.9,180,94,998.7,,,24.2
156,堡林,2022-07-13 05:00,24.6,,.7,180,94,998.2,,,24
156,堡林,2022-07-13 06:00,24.5,,1.6,230,94,999.4,0,.07,24.1
156,堡林,2022-07-13 07:00,25,,1.9,200,93,999.3,0,.29,26.3
156,堡林,2022-07-13 08:00,25.8,,1,140,89,999.6,0,.41,28
156,堡林,2022-07-13 09:00,25.9,,2.3,200,88,998.9,0,.53,28.9
156,堡林,2022-07-13 10:00,26.1,,2.6,180,90,998.8,0,.51,29.4
156,堡林,2022-07-13 11:00,26.3,,2.2,180,91,998.5,0,.52,29.9
156,堡林,2022-07-13 12:00,26.5,,2.4,180,92,997.5,0,.63,31.6
156,堡林,2022-07-13 13:00,27.3,,2,180,89,996.7,0,1.5,35.8
156,堡林,2022-07-13 14:00,26.9,,2.8,160,90,996.2,0,.9,34.5
156,堡林,2022-07-13 15:00,27,,2.8,200,90,995.8,0,1.06,35.3
156,堡林,2022-07-13 16:00,27.1,,2.4,180,90,995.7,0,1.12,36.4
156,堡林,2022-07-13 17:00,27.1,,3.6,180,88,995.2,.5,1.45,34.8
156,堡林,2022-07-13 18:00,27,,3.2,200,88,994.8,0,.85,32.2
156,堡林,2022-07-13 19:00,26.6,,4,200,91,994.7,.2,.56,29
156,堡林,2022-07-13 20:00,26.2,,3.3,200,93,994.8,0,.09,26.8
156,堡林,2022-07-13 21:00,26,,3.3,200,96,994.9,,,26
156,堡林,2022-07-13 22:00,26.1,,3.4,200,97,994.7,,,25.6
156,堡林,2022-07-13 23:00,26.3,,2.6,200,97,994.4,,,25.9
156,堡林,2022-07-14 00:00,26.4,,1.8,230,98,994,,,26.2
156,堡林,2022-07-14 01:00,26.5,,1.8,180,98,993.5,,,26.3
156,堡林,2022-07-14 02:00,26.6,0,2.6,230,99,993,,,26.3
156,堡林,2022-07-14 03:00,25.9,0,2.8,230,99,992.5,,,26
156,堡林,2022-07-14 04:00,25.4,4,3.8,230,99,991.9,,,25.8
156,堡林,2022-07-14 05:00,25.5,1.6,3.5,230,99,991.8,,,26
156,堡林,2022-07-14 06:00,25.8,7.4,1,320,99,992.7,0,.06,26.1
156,堡林,2022-07-14 07:00,25.9,0,.4,0,99,993.1,.1,.26,27.6
156,堡林,2022-07-14 08:00,26.9,,.9,320,99,993.2,1,1.17,33.1
156,堡林,2022-07-14 09:00,27.2,,1.2,290,89,993.2,.9,1.8,33.4
156,堡林,2022-07-14 10:00,27.8,,.8,290,91,993.5,.1,1.13,33.4
156,堡林,2022-07-14 11:00,28.6,,1.4,320,86,993.6,.2,1.4,34.5
156,堡林,2022-07-14 12:00,29.8,,1.7,290,78,993.3,.8,2.59,40.9
156,堡林,2022-07-14 13:00,30.5,,2.1,270,75,993.3,.9,3.16,41
156,堡林,2022-07-14 14:00,30.5,,2,320,71,993.3,.4,2.07,40.1
156,堡林,2022-07-14 15:00,30.2,,1.7,360,75,993.4,.9,2.71,39.1
156,堡林,2022-07-14 16:00,30,,2.3,340,73,993.6,1,2.72,37.1
156,堡林,2022-07-14 17:00,29.7,,1.7,20,76,993.6,1,2.1,33.9
156,堡林,2022-07-14 18:00,28.7,,1.1,320,77,993,1,1.36,30.1
156,堡林,2022-07-14 19:00,27.8,,1.2,360,80,992.9,.7,.57,27.9
156,堡林,2022-07-14 20:00,26.8,,1.1,320,89,993.6,0,.12,26.4
156,堡林,2022-07-14 21:00,26,,.8,340,95,994.1,,,25.7
156,堡林,2022-07-14 22:00,25.5,,.8,250,97,994.1,,,25.2
156,堡林,2022-07-14 23:00,24.8,,.6,360,99,994.3,,,24.7
156,堡林,2022-07-15 00:00,24.4,,.4,0,99,994.3,,,24.4
156,堡林,2022-07-15 01:00,24.1,,.2,0,99,994.2,,,24
156,堡林,2022-07-15 02:00,23.9,,.3,0,99,994.2,,,23.9
156,堡林,2022-07-15 03:00,23.7,,.6,250,99,993.7,,,23.4
156,堡林,2022-07-15 04:00,23.7,,.1,0,99,993.6,,,23.3
156,堡林,2022-07-15 05:00,23.2,,.7,50,99,993.7,,,23
156,堡林,2022-07-15 06:00,23.1,,1.1,50,99,994,0,.08,23
156,堡林,2022-07-15 07:00,23.5,,.1,0,99,993.9,.8,.46,24.2
156,堡林,2022-07-15 08:00,25.4,,1.5,70,97,993.4,1,1.13,27
156,堡林,2022-07-15 09:00,26.7,,.8,70,85,993.4,1,1.84,30.7
156,堡林,2022-07-15 10:00,26.9,,1.4,360,82,993.3,.8,2.17,32
156,堡林,2022-07-15 11:00,28.8,,1.2,70,70,993.2,.8,2.62,36.4
156,堡林,2022-07-15 12:00,29.8,,1.5,50,69,992.8,1,3.35,38.2
156,堡林,2022-07-15 13:00,30.2,,1.4,20,60,992.5,1,2.7,38.8
156,堡林,2022-07-15 14:00,30.4,,2,50,60,991.9,.8,2.57,38.5
156,堡林,2022-07-15 15:00,30.2,,1.3,50,65,991.4,.3,1.86,36.7
156,堡林,2022-07-15 16:00,30.7,,1,20,60,991.1,.6,1.88,38.3
156,堡林,2022-07-15 17:00,31,,1,50,57,990.4,1,1.77,38.9
156,堡林,2022-07-15 18:00,30.7,,2.4,50,58,990,1,1.4,36.8
156,堡林,2022-07-15 19:00,29.9,,.8,340,64,990.3,1,.63,30.1
156,堡林,2022-07-15 20:00,28.2,,1.5,20,70,990.6,.1,.15,27.2
156,堡林,2022-07-15 21:00,26.8,,.6,360,76,991.3,,,25.8
156,堡林,2022-07-15 22:00,25.8,,.1,0,80,991.9,,,24.7
156,堡林,2022-07-15 23:00,25.2,,.3,0,82,991.8,,,23.9
156,堡林,2022-07-16 00:00,24.6,,.7,50,86,991.3,,,23.4
156,堡林,2022-07-16 01:00,24,,.6,50,91,991.2,,,23.1
156,堡林,2022-07-16 02:00,23.4,,.3,0,97,991.1,,,22.7
156,堡林,2022-07-16 03:00,22.9,,0,0,98,990.9,,,22.4
156,堡林,2022-07-16 04:00,22.8,,.6,290,99,991,,,21.8
156,堡林,2022-07-16 05:00,22.6,,.4,0,99,991.3,,,21.5
156,堡林,2022-07-16 06:00,22.4,,.4,0,99,991.3,0,.08,21.9
156,堡林,2022-07-16 07:00,23.4,,.5,70,98,991.6,.6,.41,23.4
156,堡林,2022-07-16 08:00,24.5,,.8,250,95,992,1,.88,27.5
156,堡林,2022-07-16 09:00,25.8,,.6,270,89,992.3,1,1.85,33.9
156,堡林,2022-07-16 10:00,27.8,,.3,0,77,992.1,1,2.39,40.2
156,堡林,2022-07-16 11:00,28.9,,1.9,200,74,991.8,1,2.73,43.5
156,堡林,2022-07-16 12:00,29.5,,1.8,270,63,991.7,1,2.92,44.9
156,堡林,2022-07-16 13:00,29.5,,1.1,290,65,991.4,.7,2.5,41.9
156,堡林,2022-07-16 14:00,31.9,,2.4,270,55,991.2,.9,3.15,53.7
156,堡林,2022-07-16 15:00,31.4,,2.7,270,56,991.1,1,3.27,53.1
156,堡林,2022-07-16 16:00,30.9,,1.9,320,55,991.1,1,2.84,50.6
156,堡林,2022-07-16 17:00,30.4,,2.1,290,59,991.2,.8,1.67,44.9
156,堡林,2022-07-16 18:00,29.6,,1.2,320,60,991.7,1,1.38,39.2
156,堡林,2022-07-16 19:00,27.3,,1.8,340,69,992.2,.6,.49,30.3
156,堡林,2022-07-16 20:00,26.2,,1.2,290,79,992.3,0,.11,27.4
156,堡林,2022-07-16 21:00,25.6,,1,320,87,993.1,,,26.3
156,堡林,2022-07-16 22:00,25.2,,.4,0,86,993.5,,,25.1
156,堡林,2022-07-16 23:00,25.1,,.7,290,88,993.3,,,24.9
156,堡林,2022-07-17 00:00,25,,.8,270,91,993.4,,,24.8
156,堡林,2022-07-17 01:00,24.6,,.7,230,95,993.2,,,24.2
156,堡林,2022-07-17 02:00,24.5,,1,250,97,992.9,,,24.2
156,堡林,2022-07-17 03:00,24.1,,1.1,250,98,993,,,24
156,堡林,2022-07-17 04:00,24,,.7,230,99,992.9,,,24.1
156,堡林,2022-07-17 05:00,23.8,,1.2,200,99,993.4,,,24.3
156,堡林,2022-07-17 06:00,23.8,,1.2,250,99,993.8,0,.07,24.3
156,堡林,2022-07-17 07:00,24.1,,1.4,230,99,994.2,0,.11,24.9
156,堡林,2022-07-17 08:00,25.1,,.8,200,99,994.4,0,.42,27.9
156,堡林,2022-07-17 09:00,26.1,,1.3,230,98,994.5,0,.97,32
156,堡林,2022-07-17 10:00,26.5,,1.2,270,94,994.5,0,.89,33.9
156,堡林,2022-07-17 11:00,25.3,0,2.4,200,99,994.5,0,.59,29.2
156,堡林,2022-07-17 12:00,26.9,,2.3,250,94,994.4,0,1.26,37
156,堡林,2022-07-17 13:00,28.3,,2.1,250,84,994.1,0,2.16,42.7
156,堡林,2022-07-17 14:00,28.6,,1.2,360,78,993.5,0,1.58,39.3
156,堡林,2022-07-17 15:00,29.3,,1.2,270,76,993.4,.1,1.57,40
156,堡林,2022-07-17 16:00,28.7,,1.4,250,77,993.1,0,1.14,36.1
156,堡林,2022-07-17 17:00,28.6,,1,230,87,993,0,.69,34.3
156,堡林,2022-07-17 18:00,27.8,,2.7,230,92,992.7,0,.5,31.7
156,堡林,2022-07-17 19:00,27.3,,1.9,230,92,992.9,0,.24,29.1
156,堡林,2022-07-17 20:00,26.7,,1.4,230,96,993.5,0,.07,27.5
156,堡林,2022-07-17 21:00,27,0,1.7,200,97,994.1,,,26.9
156,堡林,2022-07-17 22:00,26.6,,1.7,180,98,994.8,,,26.4
156,堡林,2022-07-17 23:00,26.2,,.7,110,98,994.6,,,26.3
156,堡林,2022-07-18 00:00,26.5,,.3,0,95,994.3,,,26.1
156,堡林,2022-07-18 01:00,24.5,2.5,2.3,200,99,994.6,,,25
156,堡林,2022-07-18 02:00,23.5,.2,1.3,70,99,993.3,,,24.6
156,堡林,2022-07-18 03:00,21.4,2.7,.7,340,99,993.9,,,23.4
156,堡林,2022-07-18 04:00,20.7,6.9,1.5,90,99,993.2,,,22.3
156,堡林,2022-07-18 05:00,20.6,6.3,2.5,70,99,993,,,21.7
156,堡林,2022-07-18 06:00,21,13.4,.6,250,99,992.6,0,.06,21.6
156,堡林,2022-07-18 07:00,21.2,2.2,1.9,70,99,991.7,0,.08,22.4
156,堡林,2022-07-18 08:00,21.5,4.5,1.9,320,99,991.8,0,.18,22.7
156,堡林,2022-07-18 09:00,22.3,2.5,.3,0,99,991.7,0,.35,24.9
156,堡林,2022-07-18 10:00,22.8,.6,1.1,50,99,990.9,0,.41,25.4
156,堡林,2022-07-18 11:00,23,1.7,.4,0,99,991,0,.25,25.2
156,堡林,2022-07-18 12:00,23.2,1,1.5,70,99,990.5,0,.28,25.2
156,堡林,2022-07-18 13:00,23.8,2.8,.4,0,99,990.3,0,.26,25.6
156,堡林,2022-07-18 14:00,24.1,1.3,1,180,99,989.9,0,.37,26.2
156,堡林,2022-07-18 15:00,25.3,.1,1.5,230,99,989.7,0,.4,28
156,堡林,2022-07-18 16:00,25.1,.3,2.3,200,99,989.1,0,.4,27.1
156,堡林,2022-07-18 17:00,25.5,3.9,2.5,200,99,988.9,0,.3,27.4
156,堡林,2022-07-18 18:00,25.7,.1,3.2,230,99,989,0,.22,27.2
156,堡林,2022-07-18 19:00,25.8,0,2.1,230,99,989.3,0,.16,26.6
156,堡林,2022-07-18 20:00,25.6,.4,2.2,230,99,989.6,0,.07,26.1
156,堡林,2022-07-18 21:00,25.6,.7,2.2,230,99,990.1,,,26
156,堡林,2022-07-18 22:00,25.5,,3.6,230,99,990.8,,,25.9
156,堡林,2022-07-18 23:00,25.3,,3.1,230,99,990.9,,,25.8
156,堡林,2022-07-19 00:00,24.8,,3.2,230,99,990.9,,,25.4
156,堡林,2022-07-19 01:00,24.3,,1.8,250,99,991.5,,,25.1
156,堡林,2022-07-19 02:00,24,.1,1.7,250,99,991.6,,,25
156,堡林,2022-07-19 03:00,23.9,.2,.7,230,99,991.6,,,25
156,堡林,2022-07-19 04:00,23.8,.4,.5,320,99,991.9,,,24.9
156,堡林,2022-07-19 05:00,23.3,,1.4,320,99,992.3,,,23.9
156,堡林,2022-07-19 06:00,23.1,,1.8,340,99,993.3,0,.07,23.7
156,堡林,2022-07-19 07:00,23,,.4,0,99,993.8,.6,.41,23.7
156,堡林,2022-07-19 08:00,24.7,,.6,290,99,994.1,1,1.14,27.9
156,堡林,2022-07-19 09:00,25.6,,1.8,340,96,995.3,.6,1.52,30.7
156,堡林,2022-07-19 10:00,26.4,,.9,320,93,995.6,.5,1.64,34.7
156,堡林,2022-07-19 11:00,28.1,,.8,360,84,995.4,1,3.04,39.5
156,堡林,2022-07-19 12:00,28.7,,1.3,290,80,995.5,.7,2.71,40
156,堡林,2022-07-19 13:00,29.8,,1.2,290,70,995.2,.8,2.95,42.3
156,堡林,2022-07-19 14:00,30.3,,1.8,290,68,995.3,.7,2.5,40.3
156,堡林,2022-07-19 15:00,30.2,,2,320,64,995.5,.7,2.25,39.6
156,堡林,2022-07-19 16:00,29.7,,1.9,340,69,995.9,1,2.45,38
156,堡林,2022-07-19 17:00,29.6,,1.5,270,66,996.1,1,2.03,36.1
156,堡林,2022-07-19 18:00,28.1,,2.3,270,71,996.5,.8,.98,30.1
156,堡林,2022-07-19 19:00,27.3,,1.4,290,78,997.4,.5,.47,28.1
156,堡林,2022-07-19 20:00,26,,.9,290,88,998.1,0,.12,25.4
156,堡林,2022-07-19 21:00,25.5,,.6,230,96,998.5,,,24.8
156,堡林,2022-07-19 22:00,25,,.2,0,98,998.9,,,24.3
156,堡林,2022-07-19 23:00,24.5,,.1,0,99,999,,,24.1
156,堡林,2022-07-20 00:00,24.2,,.2,0,99,998.9,,,23.6
156,堡林,2022-07-20 01:00,24,,0,0,99,998.9,,,23.5
156,堡林,2022-07-20 02:00,23.9,,.8,270,99,999.1,,,23.3
156,堡林,2022-07-20 03:00,23.3,,.4,0,99,999.1,,,23
156,堡林,2022-07-20 04:00,23,,.3,0,99,999.4,,,22.6
156,堡林,2022-07-20 05:00,23.1,,0,0,99,999.5,,,23.2
156,堡林,2022-07-20 06:00,23.3,,.1,0,99,999.9,0,.07,23.4
156,堡林,2022-07-20 07:00,23.5,,.1,0,99,1000.1,.4,.39,24.4
156,堡林,2022-07-20 08:00,25.1,,1.3,70,99,1000.1,1,1.12,28.9
156,堡林,2022-07-20 09:00,26.1,,.5,360,91,1000.2,1,1.56,32
156,堡林,2022-07-20 10:00,27.9,,1.3,90,79,999.8,1,2.45,36.1
156,堡林,2022-07-20 11:00,29.1,,1.4,70,69,999.7,1,2.4,38.9
156,堡林,2022-07-20 12:00,30.1,,1.9,50,65,999.1,1,3.04,40.9
156,堡林,2022-07-20 13:00,30.3,,.1,0,59,998.8,.9,2.57,39.2
156,堡林,2022-07-20 14:00,31.8,,1.5,70,53,998.3,1,3.27,45.3
156,堡林,2022-07-20 15:00,31.8,,1.3,230,57,997.9,.9,2.27,41.6
156,堡林,2022-07-20 16:00,32.4,,1.9,230,57,997.7,1,2.58,45
156,堡林,2022-07-20 17:00,31.8,,2,270,50,997.6,.8,1.77,39.8
156,堡林,2022-07-20 18:00,30.8,,2.2,250,58,997.6,.2,.7,33.7
156,堡林,2022-07-20 19:00,29.2,,3.9,230,72,997.5,0,.23,30.6
156,堡林,2022-07-20 20:00,27.5,0,2.8,230,88,997.6,0,.07,28.7
156,堡林,2022-07-20 21:00,26.8,.1,1.3,230,93,998.3,,,27.3
156,堡林,2022-07-20 22:00,25.5,.7,.7,180,99,997.8,,,26.9
156,堡林,2022-07-20 23:00,25.5,,.8,160,99,996.9,,,26.4
156,堡林,2022-07-21 00:00,25.4,0,4.3,230,91,997.2,,,25.7
156,堡林,2022-07-21 01:00,22.3,1.2,3.6,200,98,996.8,,,24.2
156,堡林,2022-07-21 02:00,22.7,.6,2.5,180,99,995.3,,,23.9
156,堡林,2022-07-21 03:00,24.3,,2.2,180,99,994.4,,,24.5
156,堡林,2022-07-21 04:00,24.5,.1,2.2,230,99,993.9,,,25
156,堡林,2022-07-21 05:00,24.3,.4,1.6,230,99,993.5,,,25.1
156,堡林,2022-07-21 06:00,25.6,.1,4.6,200,99,992.9,0,.07,25.6
156,堡林,2022-07-21 07:00,26.2,,4.3,230,99,993.1,0,.12,26.1
156,堡林,2022-07-21 08:00,25.7,,5.7,230,98,993.2,0,.45,27.1
156,堡林,2022-07-21 09:00,25.2,,5.7,230,99,993.2,0,.42,27
156,堡林,2022-07-21 10:00,24.4,,4.7,230,99,993.5,0,.35,26.6
156,堡林,2022-07-21 11:00,24,.4,3.1,230,99,993.6,0,.32,26.8
156,堡林,2022-07-21 12:00,25.2,1,3.9,270,99,994.6,.2,1.19,31.9
156,堡林,2022-07-21 13:00,24.7,,2.6,270,99,995.2,0,.87,29.3
156,堡林,2022-07-21 14:00,24.8,,2,290,95,996,.1,1.43,29.7
156,堡林,2022-07-21 15:00,24.3,,2,320,94,996.5,0,.74,28.3
156,堡林,2022-07-21 16:00,24.7,,1.6,320,93,996.3,.2,1.15,29.8
156,堡林,2022-07-21 17:00,25.2,,1.7,20,84,996.4,.3,.88,30.2
156,堡林,2022-07-21 18:00,24.7,,1.2,320,85,996.6,.2,.72,26.4
156,堡林,2022-07-21 19:00,24.8,,1.5,320,89,997,0,.22,25.5
156,堡林,2022-07-21 20:00,24.6,,.9,320,90,997.4,0,.08,24.6
156,堡林,2022-07-21 21:00,24.3,,1.3,270,95,998.4,,,24.1
156,堡林,2022-07-21 22:00,24,,1,290,96,998.8,,,23.1
156,堡林,2022-07-21 23:00,23.9,,.7,250,97,999,,,22.7
156,堡林,2022-07-22 00:00,23.5,,.9,250,98,999.1,,,22.8
156,堡林,2022-07-22 01:00,22.6,,1.3,250,99,999,,,22.2
156,堡林,2022-07-22 02:00,22.7,,1,250,99,999,,,21.8
156,堡林,2022-07-22 03:00,22,,.7,160,99,999.1,,,21.6
156,堡林,2022-07-22 04:00,22.4,,.9,200,99,998.9,,,22.1
156,堡林,2022-07-22 05:00,22.2,,.9,180,99,999.1,,,21.8
156,堡林,2022-07-22 06:00,22.2,,1,200,99,999.2,0,.08,22.2
156,堡林,2022-07-22 07:00,22.9,,.9,180,99,999.5,.1,.26,23.4
156,堡林,2022-07-22 08:00,23.8,,.9,200,99,999.5,.8,.78,25.8
156,堡林,2022-07-22 09:00,24.7,,.4,0,97,999.5,.1,.6,26.7
156,堡林,2022-07-22 10:00,25.4,,1,250,86,999.3,.2,.99,28.3
156,堡林,2022-07-22 11:00,25.7,,.6,270,82,999.4,0,.77,28.2
156,堡林,2022-07-22 12:00,26,,.2,0,84,999,.1,1.23,29.4
156,堡林,2022-07-22 13:00,27.6,,.7,20,77,998.5,.3,1.7,35.4
156,堡林,2022-07-22 14:00,28.5,,.5,360,72,998.1,.5,1.83,37.5
156,堡林,2022-07-22 15:00,28.8,,1.1,290,64,997.9,.6,2.23,35.8
156,堡林,2022-07-22 16:00,28.9,,1.3,290,63,997.7,.6,1.85,34.5
156,堡林,2022-07-22 17:00,29.1,,1.2,320,65,997.8,.5,1.26,34.4
156,堡林,2022-07-22 18:00,27.9,,1.2,320,72,997.8,.2,.66,29.8
156,堡林,2022-07-22 19:00,27,,.9,290,82,998.1,.4,.42,27.1
156,堡林,2022-07-22 20:00,26.1,,.8,270,85,998.2,.1,.11,24.7
156,堡林,2022-07-22 21:00,25.3,,.9,250,92,998.7,,,23.6
156,堡林,2022-07-22 22:00,24.9,,.9,250,96,999.3,,,23.1
156,堡林,2022-07-22 23:00,24.2,,.3,0,97,999.2,,,22.7
156,堡林,2022-07-23 00:00,24.2,,0,0,98,999.3,,,22.6
156,堡林,2022-07-23 01:00,23.8,,.9,250,99,999.2,,,22.3
156,堡林,2022-07-23 02:00,23.1,,.7,160,99,999,,,21.9
156,堡林,2022-07-23 03:00,23.2,,.8,230,99,998.8,,,22.6
156,堡林,2022-07-23 04:00,23.1,,.6,180,99,998.7,,,23.2
156,堡林,2022-07-23 05:00,23,,.3,0,99,998.3,,,23.3
156,堡林,2022-07-23 06:00,22.8,,.8,160,99,999.1,0,.07,22.7
156,堡林,2022-07-23 07:00,23.1,,.1,0,99,998.7,.3,.34,23.9
156,堡林,2022-07-23 08:00,24.5,,.3,0,97,999,.6,.84,28.1
156,堡林,2022-07-23 09:00,25.5,,1.3,70,92,998.6,.9,1.58,32.3
156,堡林,2022-07-23 10:00,27.1,,2.3,180,79,998.8,.5,1.75,37.3
156,堡林,2022-07-23 11:00,27.6,,2.3,230,74,999.1,.4,1.84,36.9
156,堡林,2022-07-23 12:00,28.4,,2.5,230,74,998.5,.2,1.89,38.4
156,堡林,2022-07-23 13:00,27.9,,2.5,230,75,998.2,0,1.63,35
156,堡林,2022-07-23 14:00,27.7,0,2.8,200,80,997.6,0,.88,32.9
156,堡林,2022-07-23 15:00,27.4,,3,180,81,997.3,0,1.02,32.4
156,堡林,2022-07-23 16:00,26.9,0,2.4,180,82,996.6,0,.62,29.5
156,堡林,2022-07-23 17:00,26.4,0,1.5,160,90,995.9,0,.41,28.2
156,堡林,2022-07-23 18:00,26.5,0,1.3,200,82,995.5,0,.33,26.5
156,堡林,2022-07-23 19:00,23.2,13.9,2.2,200,99,996.5,0,.05,23.7
156,堡林,2022-07-23 20:00,22.8,5.7,1.9,180,99,996.4,0,.06,23.7
156,堡林,2022-07-23 21:00,23,.7,1.5,140,99,995.9,,,23.5
156,堡林,2022-07-23 22:00,23.6,0,3.8,200,99,995.6,,,23.6
156,堡林,2022-07-23 23:00,23.4,1.6,3,200,99,995.4,,,23.7
156,堡林,2022-07-24 00:00,23.8,.7,4,180,99,994.2,,,23.6
156,堡林,2022-07-24 01:00,23.4,11.1,2.2,320,99,994.2,,,23.5
156,堡林,2022-07-24 02:00,23.9,1.6,2.3,180,99,993.8,,,24
156,堡林,2022-07-24 03:00,24,.2,2,200,99,993.6,,,24.2
156,堡林,2022-07-24 04:00,24.2,0,1.9,250,99,993.5,,,24.5
156,堡林,2022-07-24 05:00,23.9,,3.8,230,99,993.6,,,24.3
156,堡林,2022-07-24 06:00,23.4,,2.5,230,99,993.9,0,.06,24
156,堡林,2022-07-24 07:00,23.5,,2.9,200,99,994,0,.12,24.4
156,堡林,2022-07-24 08:00,23.4,0,3.8,230,99,994.3,0,.29,25.1
156,堡林,2022-07-24 09:00,23.5,.4,2.3,230,99,994.8,0,.36,26.6
156,堡林,2022-07-24 10:00,24.3,0,2.2,250,99,995.1,0,.92,28.8
156,堡林,2022-07-24 11:00,24,0,2.7,230,99,995.4,0,.73,27.2
156,堡林,2022-07-24 12:00,24,.3,2.9,230,99,995.7,0,.72,28.5
156,堡林,2022-07-24 13:00,23.9,.4,2.1,230,99,995.5,0,.35,26.8
156,堡林,2022-07-24 14:00,24.1,.2,2.3,230,99,995.6,0,.43,27.1
156,堡林,2022-07-24 15:00,24.1,,2.2,250,99,995.6,0,.38,26.6
156,堡林,2022-07-24 16:00,24.3,,1.9,250,99,995.9,0,.43,26.8
156,堡林,2022-07-24 17:00,24.4,,1.6,250,99,996.3,0,.31,26.1
156,堡林,2022-07-24 18:00,24,,1.5,250,99,996.4,0,.13,25.4
156,堡林,2022-07-24 19:00,24.2,,1.4,250,99,996.8,0,.1,24.8
156,堡林,2022-07-24 20:00,24.1,,1.3,250,99,997.4,0,.07,24.5
156,堡林,2022-07-24 21:00,24,,.7,230,99,998.1,,,24.3
156,堡林,2022-07-24 22:00,24,,1.2,250,99,998.6,,,24.3
156,堡林,2022-07-24 23:00,23.8,,.3,0,99,999.1,,,24.1
156,堡林,2022-07-25 00:00,24,,.5,250,99,999.1,,,24
156,堡林,2022-07-25 01:00,23.5,,1.2,230,99,999.4,,,24.1
156,堡林,2022-07-25 02:00,23.6,,.7,230,99,999.4,,,24
156,堡林,2022-07-25 03:00,23.7,,.1,0,99,999.5,,,24
156,堡林,2022-07-25 04:00,23.8,,0,0,99,999.9,,,23.9
156,堡林,2022-07-25 05:00,23.5,,0,0,99,1000.1,,,23.9
156,堡林,2022-07-25 06:00,23.6,,0,0,99,1000.9,0,.06,23.9
156,堡林,2022-07-25 07:00,23.9,,.2,0,99,1001,0,.16,24.9
156,堡林,2022-07-25 08:00,25.3,,.2,0,99,1001.4,.5,.92,28.4
156,堡林,2022-07-25 09:00,25.5,,.5,50,97,1001.7,0,.81,29.8
156,堡林,2022-07-25 10:00,26,,0,0,92,1002.1,0,1.05,30.7
156,堡林,2022-07-25 11:00,27.3,,1.2,70,86,1002.2,0,1.46,33.8
156,堡林,2022-07-25 12:00,27.9,,.3,0,80,1002.1,0,1.89,35.3
156,堡林,2022-07-25 13:00,28.8,,.8,20,76,1001.4,0,1.7,37.3
156,堡林,2022-07-25 14:00,29.7,,1.2,70,70,1001.2,.6,2.8,41.8
156,堡林,2022-07-25 15:00,30.5,,1.2,360,67,1000.8,.8,2.5,39.9
156,堡林,2022-07-25 16:00,31.1,,1.9,320,73,1000.4,.5,1.54,39.2
156,堡林,2022-07-25 17:00,30.2,,1.2,340,77,1000.1,.9,1.84,35.2
156,堡林,2022-07-25 18:00,30.4,,1.1,360,75,1000,1,1.49,33.8
156,堡林,2022-07-25 19:00,29.1,,.9,360,81,1000.1,1,.64,28.9
156,堡林,2022-07-25 20:00,27.5,,1.2,50,90,1000.4,.2,.13,26.3
156,堡林,2022-07-25 21:00,26.8,,.7,50,93,1000.9,,,25.3
156,堡林,2022-07-25 22:00,25.7,,1,50,98,1001.5,,,24.7
156,堡林,2022-07-25 23:00,25.3,,.4,0,99,1001.9,,,24.2
156,堡林,2022-07-26 00:00,25.2,,.9,230,99,1002.1,,,23.9
156,堡林,2022-07-26 01:00,25.2,,.4,0,99,1002.2,,,24.5
156,堡林,2022-07-26 02:00,24.8,,.4,0,99,1002,,,23.7
156,堡林,2022-07-26 03:00,24.3,,0,0,99,1001.7,,,23.3
156,堡林,2022-07-26 04:00,24.3,,0,0,99,1001.6,,,23
156,堡林,2022-07-26 05:00,24,,0,0,99,1001.6,,,22.8
156,堡林,2022-07-26 06:00,24,,0,0,99,1002.3,0,.07,24
156,堡林,2022-07-26 07:00,24.4,,.8,70,99,1002.3,.6,.39,24.9
156,堡林,2022-07-26 08:00,25.4,,1.4,230,99,1002.5,.4,.7,28
156,堡林,2022-07-26 09:00,26.8,,.5,360,94,1002.7,.4,1.21,31.1
156,堡林,2022-07-26 10:00,27.5,,.6,320,90,1002.5,.1,1.38,33.5
156,堡林,2022-07-26 11:00,28.5,,.9,200,85,1002.4,.3,1.83,35.5
156,堡林,2022-07-26 12:00,29.6,,1.4,230,80,1002,.3,2.03,39.1
156,堡林,2022-07-26 13:00,29.2,,2.1,230,80,1001.6,.2,1.51,36.5
156,堡林,2022-07-26 14:00,30.4,,.9,250,78,1001.1,.4,1.73,37.7
156,堡林,2022-07-26 15:00,30.9,,2.5,200,68,1000.3,.7,2.31,39.8
156,堡林,2022-07-26 16:00,31.2,,1.5,200,67,1000.3,.6,1.8,38.3
156,堡林,2022-07-26 17:00,31.3,,2.6,200,70,1000.3,.4,1.11,36.9
156,堡林,2022-07-26 18:00,29.8,,2.6,200,70,1000.5,.8,1.01,33
156,堡林,2022-07-26 19:00,29.3,,2,200,72,1000.5,.4,.39,29.4
156,堡林,2022-07-26 20:00,28.1,,1.8,200,79,1000.7,0,.09,27.2
156,堡林,2022-07-26 21:00,27.4,,2,230,86,1001.7,,,26.5
156,堡林,2022-07-26 22:00,26.3,,2.3,230,96,1002.5,,,25.4
156,堡林,2022-07-26 23:00,25.8,,1.9,230,97,1002.6,,,24.7
156,堡林,2022-07-27 00:00,25.2,,1,230,97,1002.1,,,24.2
156,堡林,2022-07-27 01:00,24.9,,2.4,200,97,1002.2,,,23.7
156,堡林,2022-07-27 02:00,24,,0,0,98,1001.9,,,23
156,堡林,2022-07-27 03:00,24,,1,50,99,1001.3,,,22.7
156,堡林,2022-07-27 04:00,23.2,,1.1,70,99,1001.3,,,22.2
156,堡林,2022-07-27 05:00,23.1,,0,0,99,1001.6,,,21.7
156,堡林,2022-07-27 06:00,23.2,,.5,70,99,1001.7,0,.07,21.7
156,堡林,2022-07-27 07:00,23.7,,.5,360,99,1002.1,.7,.44,23.6
156,堡林,2022-07-27 08:00,25.3,,.7,70,92,1002.2,1,.98,27.2
156,堡林,2022-07-27 09:00,27,,.4,0,82,1002.2,1,1.81,31.8
156,堡林,2022-07-27 10:00,28,,.3,0,75,1002.4,1,2.31,37.1
156,堡林,2022-07-27 11:00,29.5,,1.2,70,67,1002.3,1,2.83,41.8
156,堡林,2022-07-27 12:00,30.2,,3.3,200,62,1001.6,.9,3,44.7
156,堡林,2022-07-27 13:00,31.1,,2.3,180,62,1001.3,1,3.45,46.1
156,堡林,2022-07-27 14:00,31.3,,3.4,200,58,1001.2,1,3.42,49.2
156,堡林,2022-07-27 15:00,31.3,,2.1,180,61,1000.9,1,2.81,46.2
156,堡林,2022-07-27 16:00,30.7,,2,180,64,1000.8,.5,1.95,40.7
156,堡林,2022-07-27 17:00,29.7,,2.4,180,67,1000.7,.5,1.17,36.1
156,堡林,2022-07-27 18:00,29.6,,3.1,180,67,1000.5,.3,.69,34.6
156,堡林,2022-07-27 19:00,28.5,,2.4,180,73,1000.7,.4,.5,31.2
156,堡林,2022-07-27 20:00,27.6,,2.3,180,78,1001.1,0,.11,28.4
156,堡林,2022-07-27 21:00,27.2,,1.8,180,79,1001.7,,,26.9
156,堡林,2022-07-27 22:00,26.8,,1.3,180,82,1002.4,,,26.1
156,堡林,2022-07-27 23:00,26.4,,1.5,180,87,1002.6,,,25.5
156,堡林,2022-07-28 00:00,25.8,,.4,0,91,1002.3,,,25.1
156,堡林,2022-07-28 01:00,25.4,,.4,0,93,1002.3,,,24.7
156,堡林,2022-07-28 02:00,25.2,,.1,0,96,1002.3,,,24.3
156,堡林,2022-07-28 03:00,24.9,,.2,0,97,1002.2,,,24
156,堡林,2022-07-28 04:00,24.5,,.4,0,98,1002.1,,,23.6
156,堡林,2022-07-28 05:00,24.5,,.2,0,99,1002.2,,,23.3
156,堡林,2022-07-28 06:00,23.8,,.3,0,99,1002.3,0,.07,23.3
156,堡林,2022-07-28 07:00,24.6,,0,0,98,1002.5,.7,.37,24.7
156,堡林,2022-07-28 08:00,26.7,,.1,0,91,1002.8,1,1,28.2
156,堡林,2022-07-28 09:00,27.9,,.6,20,81,1002.7,1,1.72,33.2
156,堡林,2022-07-28 10:00,29.2,,.6,50,77,1002.6,1,2.3,38
156,堡林,2022-07-28 11:00,30.6,,3.8,200,71,1002.7,.8,2.27,41.8
156,堡林,2022-07-28 12:00,31.7,,1.9,180,62,1002.5,1,3.18,47
156,堡林,2022-07-28 13:00,32.3,,3.2,200,62,1002.1,1,3.42,50.7
156,堡林,2022-07-28 14:00,32.4,,4,200,60,1002,1,3.42,52.5
156,堡林,2022-07-28 15:00,32.6,,3.9,180,55,1002.1,1,3.08,52.3
156,堡林,2022-07-28 16:00,32.5,,2.1,140,57,1002.1,1,2.56,49.7
156,堡林,2022-07-28 17:00,32.3,,3.3,200,61,1002.2,1,2,45.7
156,堡林,2022-07-28 18:00,31.3,,2.8,200,65,1002.1,1,1.3,39.8
156,堡林,2022-07-28 19:00,30,,1.6,140,72,1002.3,.8,.44,33
156,堡林,2022-07-28 20:00,28.9,,1.1,140,79,1002.7,.1,.1,30.1
156,堡林,2022-07-28 21:00,28.6,,1.7,180,81,1003.2,,,28.6
156,堡林,2022-07-28 22:00,28,,1.4,200,87,1003.7,,,27.8
156,堡林,2022-07-28 23:00,27.7,,1.2,90,89,1004,,,27.2
156,堡林,2022-07-29 00:00,27.4,,.8,230,94,1004.2,,,26.7
156,堡林,2022-07-29 01:00,26.9,,.6,140,96,1004.3,,,26.3
156,堡林,2022-07-29 02:00,26.5,,1,70,98,1003.9,,,25.9
156,堡林,2022-07-29 03:00,26.3,,1.2,90,98,1004.1,,,25.6
156,堡林,2022-07-29 04:00,26.3,,.2,0,97,1004.1,,,25.2
156,堡林,2022-07-29 05:00,25.8,,1,50,99,1004.3,,,24.9
156,堡林,2022-07-29 06:00,25.6,,.8,50,99,1004.4,0,.06,24.8
156,堡林,2022-07-29 07:00,26.2,,1.4,50,98,1004.4,.8,.4,25.5
156,堡林,2022-07-29 08:00,27.9,,2.5,70,91,1004.3,1,1.08,29.5
156,堡林,2022-07-29 09:00,30.2,,1.3,70,80,1004.3,1,1.89,36.2
156,堡林,2022-07-29 10:00,32,,1.7,70,68,1004.1,1,2.77,45.4
156,堡林,2022-07-29 11:00,32.7,,1.8,90,63,1003.8,1,2.45,48
156,堡林,2022-07-29 12:00,33.3,,1.4,110,68,1003.7,.9,3.08,51.1
156,堡林,2022-07-29 13:00,33.4,,2.2,90,59,1003.2,.8,2.54,50.5
156,堡林,2022-07-29 14:00,34.4,,1.7,160,58,1002.7,.7,2.21,53.5
156,堡林,2022-07-29 15:00,34.4,,1.4,90,57,1002.3,.8,2.06,52.8
156,堡林,2022-07-29 16:00,33.5,,2,90,58,1001.7,.7,1.34,44.1
156,堡林,2022-07-29 17:00,34.2,,1.2,90,59,1001.5,.9,1.68,45.9
156,堡林,2022-07-29 18:00,33.5,,1.5,140,59,1001.4,1,1.29,40
156,堡林,2022-07-29 19:00,32.2,,1.1,90,63,1001.6,.3,.32,33.4
156,堡林,2022-07-29 20:00,31,,1.6,110,70,1002.1,.1,.08,30.8
156,堡林,2022-07-29 21:00,30.5,,1.2,110,73,1003,,,29.4
156,堡林,2022-07-29 22:00,29.9,,2,90,70,1003.2,,,28.2
156,堡林,2022-07-29 23:00,29.6,,1.9,70,70,1002.9,,,27.6
156,堡林,2022-07-30 00:00,28.8,,1.6,70,75,1002.8,,,27.1
156,堡林,2022-07-30 01:00,28.3,,2,70,77,1002.1,,,26.5
156,堡林,2022-07-30 02:00,28.2,,1.7,50,80,1001.8,,,26.1
156,堡林,2022-07-30 03:00,27.5,,1.7,50,82,1001.4,,,25.7
156,堡林,2022-07-30 04:00,26.5,,2.3,70,89,1000.9,,,25.2
156,堡林,2022-07-30 05:00,26.3,,1.1,50,90,1000.3,,,24.9
156,堡林,2022-07-30 06:00,26.6,,1.2,20,91,1000.5,0,.06,25
156,堡林,2022-07-30 07:00,27.4,,1.4,70,87,1000.6,.7,.38,25.8
156,堡林,2022-07-30 08:00,28.5,,2.4,70,84,1000.7,1,1.05,30.1
156,堡林,2022-07-30 09:00,29.9,,1.7,90,75,1001,.5,1.17,33.4
156,堡林,2022-07-30 10:00,29.8,,2.6,90,73,1001,.3,1.34,36.2
156,堡林,2022-07-30 11:00,30,,1.6,70,72,1001,.1,1.26,37.8
156,堡林,2022-07-30 12:00,30,,2.4,110,75,1000.7,.2,1.47,38.6
156,堡林,2022-07-30 13:00,29.6,,3.1,90,78,1000.5,0,1.01,37.5
156,堡林,2022-07-30 14:00,28.8,0,2.1,70,85,1000.1,0,.8,33.6
156,堡林,2022-07-30 15:00,28.3,0,2.2,70,93,999.7,0,.65,32.4
156,堡林,2022-07-30 16:00,28.2,0,1.8,70,92,999.5,0,.62,31.1
156,堡林,2022-07-30 17:00,28.7,0,1.5,70,90,999,0,.51,31.6
156,堡林,2022-07-30 18:00,28.9,0,1.9,70,87,998.7,0,.51,31.5
156,堡林,2022-07-30 19:00,29.1,,1.8,90,83,998.9,0,.31,29.8
156,堡林,2022-07-30 20:00,28.6,,1.6,70,86,998.6,0,.1,27.8
156,堡林,2022-07-30 21:00,28.7,,2.3,90,83,998.7,,,27.2
156,堡林,2022-07-30 22:00,28.7,,1.4,90,83,999,,,27.2
156,堡林,2022-07-30 23:00,28.2,,1.6,70,86,998.7,,,27.1
156,堡林,2022-07-31 00:00,28.1,0,2.1,70,87,998.5,,,26.8
156,堡林,2022-07-31 01:00,28.2,0,1.7,70,87,998.6,,,26.7
156,堡林,2022-07-31 02:00,27.6,0,1,90,93,998.4,,,26.3
156,堡林,2022-07-31 03:00,27.9,0,1.6,90,91,997.8,,,26.1
156,堡林,2022-07-31 04:00,27.6,,1.9,70,93,996.8,,,26.2
156,堡林,2022-07-31 05:00,26.4,0,1.7,90,99,997,,,26.1
156,堡林,2022-07-31 06:00,25.4,1.6,1.3,110,99,997.4,0,.05,25.9
156,堡林,2022-07-31 07:00,26.1,0,1.4,90,99,997,0,.19,26.8
156,堡林,2022-07-31 08:00,26.7,0,2.5,140,99,996.7,0,.42,27.9
156,堡林,2022-07-31 09:00,27.3,0,2.6,110,97,997.2,0,.56,28.9
156,堡林,2022-07-31 10:00,27.5,0,1.2,90,97,996.8,0,.58,29.1
156,堡林,2022-07-31 11:00,26.9,0,1.7,70,99,996.8,0,.64,29.1
156,堡林,2022-07-31 12:00,25.7,4.9,.9,90,99,997.1,0,.23,27.5
156,堡林,2022-07-31 13:00,26,1.9,1.9,160,99,996.9,0,.53,28.5
156,堡林,2022-07-31 14:00,26,1,2.1,180,99,996.9,0,.64,28.7
156,堡林,2022-07-31 15:00,26.8,.1,3.7,180,99,996.3,0,1.13,31.3
156,堡林,2022-07-31 16:00,27.6,,3.3,180,97,996.1,0,1.34,32
156,堡林,2022-07-31 17:00,27,0,3.1,180,99,995.8,0,.51,29.3
156,堡林,2022-07-31 18:00,25.9,.6,2.6,180,99,996,0,.48,27.9
156,堡林,2022-07-31 19:00,26.5,0,3.3,180,99,995.9,0,.23,27.3
156,堡林,2022-07-31 20:00,26.2,1.3,3.7,180,99,996.1,0,.09,25.9
156,堡林,2022-07-31 21:00,26.4,.1,2.2,160,99,996,,,25.9
156,堡林,2022-07-31 22:00,26.8,.3,3,180,99,996.8,,,26
156,堡林,2022-07-31 23:00,25.8,7.1,2.2,200,99,997,,,25.9
156,堡林,2022-08-01 00:00,26,7.5,3.2,180,99,996.6,,,25.8
156,堡林,2022-08-01 01:00,26.5,.3,4.1,180,99,996.7,,,25.8
156,堡林,2022-08-01 02:00,27.2,0,4.5,180,99,996.6,,,25.8
156,堡林,2022-08-01 03:00,27.3,,3.9,200,99,996.6,,,25.8
156,堡林,2022-08-01 04:00,27.2,0,3.8,180,99,996.8,,,25.8
156,堡林,2022-08-01 05:00,26.4,.4,2.8,180,99,997,,,25.7
156,堡林,2022-08-01 06:00,25.8,.1,2.1,180,99,997.5,0,.06,25.7
156,堡林,2022-08-01 07:00,25.7,.7,1.5,180,99,997.7,0,.11,26.1
156,堡林,2022-08-01 08:00,26.9,0,2,180,99,997.9,0,.35,27.9
156,堡林,2022-08-01 09:00,27.9,,1.4,180,99,997.5,.1,.93,30.1
156,堡林,2022-08-01 10:00,28.9,0,3.3,180,97,997.4,.4,1.36,33.9
156,堡林,2022-08-01 11:00,29.1,0,1.8,110,97,997.3,0,1.09,33
156,堡林,2022-08-01 12:00,28.3,0,2.6,160,97,996.6,0,1.09,31.5
156,堡林,2022-08-01 13:00,29.1,0,3,140,93,995.6,0,1.25,32.6
156,堡林,2022-08-01 14:00,28.9,0,1.2,110,95,995,0,1.04,31.4
156,堡林,2022-08-01 15:00,29,,1.3,110,97,994.3,0,.83,32.1
156,堡林,2022-08-01 16:00,28.8,,2.7,110,97,993.9,0,.9,30.4
156,堡林,2022-08-01 17:00,28.7,,4,180,97,994.4,0,.41,29
156,堡林,2022-08-01 18:00,28.4,,4.7,200,98,995.2,0,.32,27.8
156,堡林,2022-08-01 19:00,28.3,,3.5,200,98,996.1,0,.19,27.6
156,堡林,2022-08-01 20:00,27.9,,2.8,200,99,997.2,0,.07,26.9
156,堡林,2022-08-01 21:00,27.5,,3.1,180,99,998.2,,,26.3
156,堡林,2022-08-01 22:00,27.4,0,3.2,200,98,999,,,26.2
156,堡林,2022-08-01 23:00,26.7,0,3,200,99,999.4,,,26.2
156,堡林,2022-08-02 00:00,26.9,0,2.8,200,99,999.3,,,25.7
156,堡林,2022-08-02 01:00,27,,1.9,200,99,999.4,,,25.9
156,堡林,2022-08-02 02:00,26.5,0,3.3,200,99,999.9,,,25.9
156,堡林,2022-08-02 03:00,26.3,0,1.7,200,99,1000.4,,,26
156,堡林,2022-08-02 04:00,25.8,.7,2.4,180,99,1000.9,,,25.9
156,堡林,2022-08-02 05:00,25.6,.2,2,180,99,1001,,,25.9
156,堡林,2022-08-02 06:00,25.7,.3,1.9,180,99,1001.5,0,.07,25.7
156,堡林,2022-08-02 07:00,26.1,,2.3,180,99,1001.7,0,.18,26.7
156,堡林,2022-08-02 08:00,26.1,.3,1.9,270,99,1002.1,0,.48,27.7
156,堡林,2022-08-02 09:00,27.3,0,2.8,230,99,1002.7,.2,.59,30.1
156,堡林,2022-08-02 10:00,28.7,,3.5,200,97,1002.7,.7,1.92,34.5
156,堡林,2022-08-02 11:00,28.5,,3.5,230,98,1002.8,.1,1.26,33
156,堡林,2022-08-02 12:00,28.5,.2,3.3,230,99,1002.9,.3,1.56,34.2
156,堡林,2022-08-02 13:00,29.3,,2.9,230,97,1002.7,.1,1.68,34.5
156,堡林,2022-08-02 14:00,29.1,,2.9,230,97,1002.6,.1,1.01,33.8
156,堡林,2022-08-02 15:00,30.2,,3.2,230,89,1002.3,.5,2.07,36.5
156,堡林,2022-08-02 16:00,30.1,,2.1,250,87,1002.4,.3,1.33,34.3
156,堡林,2022-08-02 17:00,31.4,,2.8,270,76,1002.1,.6,1.49,35.5
156,堡林,2022-08-02 18:00,30.7,,2.4,270,81,1002.3,.4,.75,31.7
156,堡林,2022-08-02 19:00,29.7,,1.3,250,84,1002.7,.9,.6,29.1
156,堡林,2022-08-02 20:00,28.5,,1.9,230,98,1002.9,.2,.11,27.7
156,堡林,2022-08-02 21:00,28.1,,1.5,250,97,1003.6,,,26.6
156,堡林,2022-08-02 22:00,27.6,,2,230,98,1004.1,,,26.5
156,堡林,2022-08-02 23:00,27.1,,.9,230,99,1004.1,,,26
156,堡林,2022-08-03 00:00,27,,1.2,200,99,1004.2,,,25.8
156,堡林,2022-08-03 01:00,26.2,2.6,1.3,250,99,1004.1,,,26.4
156,堡林,2022-08-03 02:00,25.9,0,1,230,99,1003.9,,,25.9
156,堡林,2022-08-03 03:00,26.2,.1,.4,0,99,1004,,,26.3
156,堡林,2022-08-03 04:00,26,,.8,200,99,1003.8,,,26.1
156,堡林,2022-08-03 05:00,25.7,.1,.7,200,99,1003.9,,,26.2
156,堡林,2022-08-03 06:00,25.9,.1,.6,180,99,1004.2,0,.06,25.9
156,堡林,2022-08-03 07:00,26.3,,.9,180,99,1004.4,.1,.25,27
156,堡林,2022-08-03 08:00,27.8,,1.1,180,99,1004.6,.5,.78,30.5
156,堡林,2022-08-03 09:00,28.1,,.3,0,99,1004.8,.1,.74,30.5
156,堡林,2022-08-03 10:00,29.8,,.5,270,90,1004.4,.4,1.42,34.8
156,堡林,2022-08-03 11:00,26.2,7.3,1.5,250,99,1004.6,.1,.81,28.8
156,堡林,2022-08-03 12:00,28.1,0,1.6,230,99,1004.2,.4,1.68,37.1
156,堡林,2022-08-03 13:00,29.3,,1.9,250,99,1003.8,.2,1.97,38.9
156,堡林,2022-08-03 14:00,29.2,,2.7,230,99,1003.4,.1,1.76,37.4
156,堡林,2022-08-03 15:00,30.9,,2.1,250,86,1002.9,.4,2.05,38.4
156,堡林,2022-08-03 16:00,30,1.2,.7,50,99,1002.6,.5,1.72,39.7
156,堡林,2022-08-03 17:00,29.6,,1.1,340,97,1002.6,.6,1.71,36.6
156,堡林,2022-08-03 18:00,29.4,,1.6,250,98,1002.3,.5,.87,32
156,堡林,2022-08-03 19:00,28.9,0,2.6,270,98,1002.2,.5,.44,29.8
156,堡林,2022-08-03 20:00,28.4,,.9,270,99,1002.5,.1,.1,28.1
156,堡林,2022-08-03 21:00,27.9,,1.3,250,99,1002.7,,,27.9
156,堡林,2022-08-03 22:00,27.3,,1.8,230,99,1003.2,,,27
156,堡林,2022-08-03 23:00,26.9,,1.6,230,99,1003.5,,,26.6
156,堡林,2022-08-04 00:00,26.8,,1.7,230,99,1003.6,,,26.9
156,堡林,2022-08-04 01:00,26.8,,2.1,230,99,1003.4,,,26.7
156,堡林,2022-08-04 02:00,26.6,,1.6,230,99,1003.2,,,26.6
156,堡林,2022-08-04 03:00,26.4,,.9,230,99,1003.4,,,26.3
156,堡林,2022-08-04 04:00,26.5,,1.4,230,99,1003.4,,,26.6
156,堡林,2022-08-04 05:00,26.4,,.5,230,99,1003.6,,,26.3
156,堡林,2022-08-04 06:00,26.5,,.5,200,99,1003.8,0,.06,26.6
156,堡林,2022-08-04 07:00,26.9,,.6,180,99,1004.1,.3,.29,27.6
156,堡林,2022-08-04 08:00,27.5,,1.1,230,99,1004.3,.2,.57,29.4
156,堡林,2022-08-04 09:00,28.7,,1.3,250,98,1004,.5,1.19,32.7
156,堡林,2022-08-04 10:00,30,,1.4,230,91,1003.9,.8,1.92,37.8
156,堡林,2022-08-04 11:00,30.6,,1.9,250,80,1003.5,.8,2.53,37.8
156,堡林,2022-08-04 12:00,30.8,,1.5,250,79,1003,.7,2.8,37.2
156,堡林,2022-08-04 13:00,31.5,,1.1,340,77,1002.4,.4,2.25,38.9
156,堡林,2022-08-04 14:00,31.3,,2.4,270,82,1002,.4,1.83,38.6
156,堡林,2022-08-04 15:00,32.4,,.8,320,72,1001.6,.9,2.61,39.9
156,堡林,2022-08-04 16:00,32.9,,1.9,250,77,1001.3,.7,1.94,41
156,堡林,2022-08-04 17:00,32.6,,2.2,250,71,1001,1,2.2,38.6
156,堡林,2022-08-04 18:00,31.5,,2,270,83,1000.8,.6,.97,34.9
156,堡林,2022-08-04 19:00,30.3,,2.6,270,87,1000.9,.9,.61,30.7
156,堡林,2022-08-04 20:00,29.2,,1.8,250,91,1001.1,.1,.11,28.2
156,堡林,2022-08-04 21:00,28.8,,2,270,96,1001.4,,,28.1
156,堡林,2022-08-04 22:00,28.1,,1.8,230,99,1001.7,,,27.6
156,堡林,2022-08-04 23:00,27.7,,1,250,99,1001.6,,,26.7
156,堡林,2022-08-05 00:00,27.1,,2.1,230,99,1001.3,,,26.1
156,堡林,2022-08-05 01:00,27,,1.5,200,99,1001,,,26.3
156,堡林,2022-08-05 02:00,26.8,,1.5,230,99,1000.9,,,26.4
156,堡林,2022-08-05 03:00,27,,1.6,230,99,1000.9,,,26.6
156,堡林,2022-08-05 04:00,26.9,,1.6,230,99,1000.8,,,26.5
156,堡林,2022-08-05 05:00,26.7,,1.6,230,99,1000.9,,,26.4
156,堡林,2022-08-05 06:00,26.7,0,1.4,230,99,1000.9,0,.06,26.8
156,堡林,2022-08-05 07:00,27.1,,1.8,230,99,1001,0,.22,28
156,堡林,2022-08-05 08:00,27.4,,2.9,230,99,1000.8,0,.37,28.9
156,堡林,2022-08-05 09:00,28.3,,2.1,230,99,1000.6,0,.67,31.4
156,堡林,2022-08-05 10:00,29.5,,1.8,250,98,1000.5,.1,.98,34.5
156,堡林,2022-08-05 11:00,30.7,,2.9,250,83,1000,.6,1.98,37.4
156,堡林,2022-08-05 12:00,31,,2,250,81,999.8,.2,1.61,37.4
156,堡林,2022-08-05 13:00,30.8,,3,230,83,999.1,.3,1.66,36.6
156,堡林,2022-08-05 14:00,32.5,,2.4,250,74,998.7,.4,1.84,44
156,堡林,2022-08-05 15:00,32.3,,2.7,250,82,998.1,.7,2.03,42.8
156,堡林,2022-08-05 16:00,32,,3.2,230,83,997.8,.6,1.65,42.3
156,堡林,2022-08-05 17:00,31.3,,2.7,250,84,997.4,.6,1.14,36.4
156,堡林,2022-08-05 18:00,30.6,,2.9,230,88,997.3,.4,.66,32.5
156,堡林,2022-08-05 19:00,29.8,,2.9,250,91,997.6,.9,.45,30.4
156,堡林,2022-08-05 20:00,29.2,,1.9,250,98,998.5,0,.08,29.1
156,堡林,2022-08-05 21:00,28.6,,2,250,99,998.8,,,28
156,堡林,2022-08-05 22:00,28.4,,1.6,250,99,998.9,,,28.2
156,堡林,2022-08-05 23:00,28.1,,1.4,250,99,999,,,28
156,堡林,2022-08-06 00:00,27.8,,1.6,250,99,999.2,,,27.8
156,堡林,2022-08-06 01:00,27.6,,1,250,99,999.2,,,27.8
156,堡林,2022-08-06 02:00,27.6,,1.6,230,99,999.1,,,27.5
156,堡林,2022-08-06 03:00,27.5,,1.9,230,99,998.8,,,27.1
156,堡林,2022-08-06 04:00,27.4,,1.7,230,99,998.9,,,27.3
156,堡林,2022-08-06 05:00,27.3,,1.8,230,99,999,,,27.2
156,堡林,2022-08-06 06:00,27.3,,1.3,230,99,999.4,0,.06,27.2
156,堡林,2022-08-06 07:00,27.6,,1.5,230,99,999.7,0,.26,28.3
156,堡林,2022-08-06 08:00,28.5,,1.3,250,99,999.8,.1,.63,31
156,堡林,2022-08-06 09:00,29.3,,1.2,250,97,999.5,.4,1.21,34.1
156,堡林,2022-08-06 10:00,29.8,,1.8,230,97,999.5,.3,1.05,34.1
156,堡林,2022-08-06 11:00,30,,1.4,250,94,999.4,.3,1.48,35.3
156,堡林,2022-08-06 12:00,31.3,,1.4,290,84,998.8,.5,1.99,41.9
156,堡林,2022-08-06 13:00,32.7,,1.8,250,83,998.7,.8,2.71,49
156,堡林,2022-08-06 14:00,33.1,,1.7,270,75,998.3,.7,2.44,47.7
156,堡林,2022-08-06 15:00,33.4,,2.6,230,74,997.9,.9,2.87,51.2
156,堡林,2022-08-06 16:00,32.9,,3,230,79,997.7,.8,2.22,44.5
156,堡林,2022-08-06 17:00,32.8,,2.2,250,76,997.6,.8,1.44,42
156,堡林,2022-08-06 18:00,32.7,,2.6,230,80,997.4,.6,.91,38.3
156,堡林,2022-08-06 19:00,31.4,,2.3,230,84,997.7,.5,.45,33.7
156,堡林,2022-08-06 20:00,30.3,,2.2,230,93,998.3,0,.08,30.8
156,堡林,2022-08-06 21:00,29.6,,2.9,230,99,999.1,,,29.8
156,堡林,2022-08-06 22:00,28.8,,2.7,230,99,999.7,,,28.8
156,堡林,2022-08-06 23:00,28.1,,2.8,230,98,999.5,,,27.9
156,堡林,2022-08-07 00:00,28,,1.3,250,99,999.9,,,27.6
156,堡林,2022-08-07 01:00,27.9,,1.1,250,99,999.9,,,27.4
156,堡林,2022-08-07 02:00,27.6,,.9,230,99,1000.2,,,27.5
156,堡林,2022-08-07 03:00,27.5,,2.1,230,99,1000.1,,,26.9
156,堡林,2022-08-07 04:00,27.7,,2.1,200,99,999.9,,,27.3
156,堡林,2022-08-07 05:00,27.6,,1.8,200,99,999.7,,,27.6
156,堡林,2022-08-07 06:00,27.8,,1.5,200,99,1000.2,0,.06,27.5
156,堡林,2022-08-07 07:00,27.9,,.9,200,99,1000.4,0,.2,28.3
156,堡林,2022-08-07 08:00,28.8,,1.6,230,99,1000.2,.2,.53,30.7
156,堡林,2022-08-07 09:00,29.8,,2.3,200,93,1000,.7,1.39,35.1
156,堡林,2022-08-07 10:00,31.1,,1.7,230,86,1000.2,.9,1.9,41.3
156,堡林,2022-08-07 11:00,32.5,,1.9,230,81,999.9,.8,2.52,47.5
156,堡林,2022-08-07 12:00,33.1,,2.4,230,75,999.7,.6,2.1,51.4
156,堡林,2022-08-07 13:00,33.6,,2.4,230,73,999.4,.9,3.15,56.1
156,堡林,2022-08-07 14:00,33,,3.1,250,77,999.1,.9,2.85,53.9
156,堡林,2022-08-07 15:00,33.2,,5,230,67,999.1,.9,2.7,52.4
156,堡林,2022-08-07 16:00,32.6,,3.9,250,73,998.9,1,2.41,51.6
156,堡林,2022-08-07 17:00,32.1,,3.8,250,75,999.1,1,1.68,43.8
156,堡林,2022-08-07 18:00,30.9,,3.1,250,84,999.1,.3,.71,36.5
156,堡林,2022-08-07 19:00,30.1,,3,230,89,999.2,0,.32,32.9
156,堡林,2022-08-07 20:00,29.1,,3.1,230,96,999.6,0,.07,30.4
156,堡林,2022-08-07 21:00,28.6,,1.3,230,98,1000.4,,,29.3
156,堡林,2022-08-07 22:00,28.7,,2.3,200,94,1000.4,,,28.6
156,堡林,2022-08-07 23:00,28.4,,2.9,230,96,1000.6,,,28.7
156,堡林,2022-08-08 00:00,28.4,,2.4,200,97,1000.9,,,28.4
156,堡林,2022-08-08 01:00,28.2,,3.3,230,97,1000.7,,,28.2
156,堡林,2022-08-08 02:00,28,,3,230,98,1000.9,,,27.9
156,堡林,2022-08-08 03:00,27.9,,2.9,230,98,1000.6,,,27.2
156,堡林,2022-08-08 04:00,27.8,,2.5,230,97,1000.5,,,27.2
156,堡林,2022-08-08 05:00,27.8,,1.9,200,97,1000.8,,,27.3
156,堡林,2022-08-08 06:00,27.4,,3,230,98,1001.2,0,.06,26.4
156,堡林,2022-08-08 07:00,27.6,,3.7,230,98,1001.7,0,.17,27
156,堡林,2022-08-08 08:00,28.4,,3,230,97,1001.7,.3,.67,31.2
156,堡林,2022-08-08 09:00,29,,5.6,230,94,1001.9,.2,1.06,34.6
156,堡林,2022-08-08 10:00,30.1,,5.3,230,85,1001.4,.7,1.76,40.4
156,堡林,2022-08-08 11:00,30.8,,4.8,230,75,1001.6,1,2.44,46.4
156,堡林,2022-08-08 12:00,30.6,,4.9,230,80,1001.3,.4,1.96,43.3
156,堡林,2022-08-08 13:00,30.8,,4.9,230,81,1001.2,0,1.83,44.2
156,堡林,2022-08-08 14:00,31.5,,3.2,230,77,1000.8,.6,2.06,46.4
156,堡林,2022-08-08 15:00,30.8,,4.7,230,80,1000.9,.2,1.8,43.3
156,堡林,2022-08-08 16:00,30.6,,3.8,230,82,1000.8,0,1.32,40.5
156,堡林,2022-08-08 17:00,29.9,,3.2,250,85,1000.8,0,.79,36.6
156,堡林,2022-08-08 18:00,29.5,,3,250,85,1000.5,0,.5,33.8
156,堡林,2022-08-08 19:00,28.9,,4,230,90,1000.5,0,.22,31.1
156,堡林,2022-08-08 20:00,28.4,,3,230,93,1001.3,0,.07,29.1
156,堡林,2022-08-08 21:00,28,,2.7,230,95,1001.8,,,28.2
156,堡林,2022-08-08 22:00,27.8,,3.2,230,96,1002.1,,,27.8
156,堡林,2022-08-08 23:00,27.7,,2.6,230,94,1001.8,,,27.6
156,堡林,2022-08-09 00:00,27.4,,2.8,200,97,1001.7,,,27.3
156,堡林,2022-08-09 01:00,27.4,,2,200,97,1001.5,,,27.4
156,堡林,2022-08-09 02:00,27.2,,3.2,230,98,1001.5,,,27.3
156,堡林,2022-08-09 03:00,27.3,,2.3,230,98,1001.6,,,27.3
156,堡林,2022-08-09 04:00,27.1,,2.5,230,99,1001.7,,,26.7
156,堡林,2022-08-09 05:00,27,,3.3,230,99,1001.9,,,26.9
156,堡林,2022-08-09 06:00,26.8,,2.4,230,99,1001.8,0,.05,26.6
156,堡林,2022-08-09 07:00,26.9,,2.8,200,99,1001.7,0,.13,27.1
156,堡林,2022-08-09 08:00,27.6,,3.2,230,98,1001.8,0,.35,29.5
156,堡林,2022-08-09 09:00,28.5,,3.1,230,96,1001.7,.2,.76,33.2
156,堡林,2022-08-09 10:00,29.1,,4.1,230,93,1001.8,.5,1.17,35.6
156,堡林,2022-08-09 11:00,31.7,,3.8,230,84,1001.5,.7,2.3,48.7
156,堡林,2022-08-09 12:00,31.1,,5,230,79,1000.9,.4,2.36,45.9
156,堡林,2022-08-09 13:00,31.4,,4.4,250,80,1000.6,.4,2.02,46.3
156,堡林,2022-08-09 14:00,31.7,,4.5,250,79,1000.1,.7,2.28,49.4
156,堡林,2022-08-09 15:00,31,,5.1,230,79,999.6,0,1.68,43.7
156,堡林,2022-08-09 16:00,30.7,,4.8,230,84,999.7,.1,1.44,42.6
156,堡林,2022-08-09 17:00,30.2,,4.7,230,83,999.6,.4,1.24,39.4
156,堡林,2022-08-09 18:00,29.5,,3.6,230,89,999.5,.1,.75,35.1
156,堡林,2022-08-09 19:00,28.9,,4.4,230,88,999.8,0,.25,31.1
156,堡林,2022-08-09 20:00,28.3,,3.9,230,93,1000.1,0,.07,29
156,堡林,2022-08-09 21:00,28,,2.7,230,94,1000.5,,,28.3
156,堡林,2022-08-09 22:00,28.1,,2.2,230,91,1000.6,,,27.9
156,堡林,2022-08-09 23:00,28,,1.8,230,92,1000.9,,,28.3
156,堡林,2022-08-10 00:00,27.6,,2.5,200,95,1000.5,,,27.8
156,堡林,2022-08-10 01:00,27.4,,3.3,230,96,1000.2,,,27
156,堡林,2022-08-10 02:00,27.5,,3.6,230,95,999.7,,,27.3
156,堡林,2022-08-10 03:00,27.2,,3.3,230,97,999.8,,,27
156,堡林,2022-08-10 04:00,27.1,,2.9,230,99,999.7,,,26.6
156,堡林,2022-08-10 05:00,26.9,,3.5,230,99,999.7,,,26.7
156,堡林,2022-08-10 06:00,26.8,,2.9,230,99,999.8,0,.05,26.8
156,堡林,2022-08-10 07:00,27,,3.2,230,99,999.8,0,.12,27.5
156,堡林,2022-08-10 08:00,27.6,,3.8,230,98,999.8,0,.38,30
156,堡林,2022-08-10 09:00,28.1,,3.2,230,97,1000.1,0,.67,32.3
156,堡林,2022-08-10 10:00,28.8,,3.9,230,95,1000.3,0,.89,35.1
156,堡林,2022-08-10 11:00,29.1,,3,250,91,1000.4,0,.93,36.7
156,堡林,2022-08-10 12:00,29.8,,3.2,250,88,1000.4,.4,2.09,41.8
156,堡林,2022-08-10 13:00,30.4,,3.3,230,84,999.7,.4,2.18,44.5
156,堡林,2022-08-10 14:00,30,,3.1,230,83,999.3,0,1.32,40.3
156,堡林,2022-08-10 15:00,29.8,,3.2,250,85,999.2,0,1.14,38.8
156,堡林,2022-08-10 16:00,29.7,,3.3,230,86,999.3,0,.82,36.3
156,堡林,2022-08-10 17:00,29.1,,2.4,250,92,999.3,0,.51,33.9
156,堡林,2022-08-10 18:00,28.9,,2.5,230,93,999.1,.1,.41,32.6
156,堡林,2022-08-10 19:00,28.5,,3.6,230,95,999,0,.24,30.5
156,堡林,2022-08-10 20:00,28.1,,3.3,230,93,999.5,0,.05,28.9
156,堡林,2022-08-10 21:00,28.2,,2.1,230,92,1000.4,,,28.4
156,堡林,2022-08-10 22:00,27.8,,1.7,180,94,1000.1,,,27.8
156,堡林,2022-08-10 23:00,27.2,0,1.4,200,98,1000.2,,,26.9
156,堡林,2022-08-11 00:00,27.2,0,1.8,200,97,999.8,,,26.5
156,堡林,2022-08-11 01:00,27.2,,1.1,200,97,999.9,,,26.7
156,堡林,2022-08-11 02:00,27.3,0,1.8,230,97,999.3,,,26.3
156,堡林,2022-08-11 03:00,26.2,.4,2.3,230,99,998.9,,,26.2
156,堡林,2022-08-11 04:00,26,.5,1.5,200,99,998.7,,,26.2
156,堡林,2022-08-11 05:00,25.8,.3,1.3,200,99,998.7,,,26.4
156,堡林,2022-08-11 06:00,25.8,.8,2.1,230,99,998.4,0,.05,26.3
156,堡林,2022-08-11 07:00,25.7,.6,3.2,230,99,998.4,0,.08,26.5
156,堡林,2022-08-11 08:00,25.9,.1,2.7,200,99,998.3,0,.26,27.9
156,堡林,2022-08-11 09:00,26.1,,2.7,230,99,999.3,0,.32,27.5
156,堡林,2022-08-11 10:00,26.3,0,1.7,200,99,999.6,0,.13,27
156,堡林,2022-08-11 11:00,26.2,.6,2.1,230,99,999.6,0,.13,27.3
156,堡林,2022-08-11 12:00,26.6,.7,2.3,200,99,999.3,0,.51,29.7
156,堡林,2022-08-11 13:00,26.3,.7,1.6,230,99,998.9,0,.43,28.9
156,堡林,2022-08-11 14:00,26.2,.9,1,200,99,998.5,0,.2,27.9
156,堡林,2022-08-11 15:00,26.7,.3,1.6,230,99,998.4,0,.34,29.1
156,堡林,2022-08-11 16:00,26.7,.6,1.8,230,99,998.3,0,.35,28.9
156,堡林,2022-08-11 17:00,26.6,.3,1.3,200,99,998.1,0,.32,28.7
156,堡林,2022-08-11 18:00,26.5,1.1,1.1,200,99,997.5,0,.19,27.8
156,堡林,2022-08-11 19:00,26.2,1,.2,0,99,997.6,0,.09,27.4
156,堡林,2022-08-11 20:00,26.2,.1,.8,200,99,997.9,0,.06,27.2
156,堡林,2022-08-11 21:00,26,.1,2.1,200,99,998.2,,,27.1
156,堡林,2022-08-11 22:00,26.4,,2.2,230,99,998.2,,,27
156,堡林,2022-08-11 23:00,26.5,,2.4,230,99,998.5,,,27
156,堡林,2022-08-12 00:00,26.5,,2.3,230,99,998.2,,,26.8
156,堡林,2022-08-12 01:00,26.6,,2.5,230,99,998,,,26.9
156,堡林,2022-08-12 02:00,26.6,0,1.6,230,99,998,,,27.1
156,堡林,2022-08-12 03:00,26.6,.4,1.6,230,99,998,,,27
156,堡林,2022-08-12 04:00,26.5,.1,.8,250,99,997.9,,,26.9
156,堡林,2022-08-12 05:00,26.4,,0,0,99,998.1,,,26.9
156,堡林,2022-08-12 06:00,26.4,,.6,270,99,998.4,0,.06,26.8
156,堡林,2022-08-12 07:00,26.1,0,.6,270,99,998.5,0,.12,27.2
156,堡林,2022-08-12 08:00,26.8,,.5,320,99,999,.1,.46,29.1
156,堡林,2022-08-12 09:00,26.7,,1.2,270,99,999.6,0,.36,28.4
156,堡林,2022-08-12 10:00,28.6,,.6,270,98,999.8,.3,1.26,36
156,堡林,2022-08-12 11:00,29.5,,.9,270,93,999.3,.7,2.22,36.2
156,堡林,2022-08-12 12:00,29.6,,1.1,270,90,999.3,.1,1.1,35.7
156,堡林,2022-08-12 13:00,30.6,,1.6,320,83,998.9,.6,2.23,38
156,堡林,2022-08-12 14:00,30.7,,1.4,20,76,998.3,.9,2.54,40.9
156,堡林,2022-08-12 15:00,31.2,,1.4,290,75,998,.9,2.76,39.2
156,堡林,2022-08-12 16:00,30.3,,1.8,250,75,997.6,.3,1.39,34.4
156,堡林,2022-08-12 17:00,30.3,,1.3,250,76,997.6,.8,1.42,33.2
156,堡林,2022-08-12 18:00,29.6,,1.2,270,77,997.6,.5,.86,30
156,堡林,2022-08-12 19:00,28.9,,.7,340,81,998,0,.28,28.1
156,堡林,2022-08-12 20:00,28,,.6,250,87,998.1,0,.06,26.6
156,堡林,2022-08-12 21:00,27.4,,1.3,250,92,998.9,,,25.8
156,堡林,2022-08-12 22:00,27.1,,1.5,250,90,999.4,,,25.4
156,堡林,2022-08-12 23:00,26.4,,1.1,230,93,999.5,,,24.6
156,堡林,2022-08-13 00:00,25.7,,.7,180,98,999.6,,,24.8
156,堡林,2022-08-13 01:00,26,,.7,230,98,999.6,,,25.2
156,堡林,2022-08-13 02:00,25.6,,.2,0,99,999.3,,,25.4
156,堡林,2022-08-13 03:00,25.4,,0,0,99,998.8,,,25.3
156,堡林,2022-08-13 04:00,25.2,,.1,0,99,998.7,,,24.9
156,堡林,2022-08-13 05:00,24.9,,.4,0,99,998.4,,,24.8
156,堡林,2022-08-13 06:00,24.5,,1,90,99,998.1,0,.06,24.5
156,堡林,2022-08-13 07:00,25.2,,.1,0,99,998.9,.5,.27,25.3
156,堡林,2022-08-13 08:00,26.8,,.5,50,98,999.2,1,.91,27.4
156,堡林,2022-08-13 09:00,27.9,,1.6,200,97,998.9,.5,1.27,30.8
156,堡林,2022-08-13 10:00,28.8,,2,250,95,999.6,.3,1.3,33.9
156,堡林,2022-08-13 11:00,28.1,.1,1.5,270,99,999.6,.1,1.05,32.3
156,堡林,2022-08-13 12:00,30.1,0,1.7,230,91,999.1,.1,1.58,36.1
156,堡林,2022-08-13 13:00,31.3,,2.6,230,81,998.6,.7,2.45,39
156,堡林,2022-08-13 14:00,30.6,,4.4,230,81,998.6,0,1.46,36
156,堡林,2022-08-13 15:00,30.4,,3,250,89,997.8,0,1.44,34.7
156,堡林,2022-08-13 16:00,30,,2.8,250,89,998,0,.84,32.6
156,堡林,2022-08-13 17:00,29.4,0,2.8,250,92,998.4,0,.35,30.7
156,堡林,2022-08-13 18:00,29,0,3.4,230,96,997.5,0,.23,29.7
156,堡林,2022-08-13 19:00,28.6,,3.8,230,97,997.9,0,.2,28.4
156,堡林,2022-08-13 20:00,28.3,,1.7,230,97,998.6,0,.07,27.7
156,堡林,2022-08-13 21:00,28.3,,2.4,200,97,998.8,,,27.2
156,堡林,2022-08-13 22:00,28.1,,2.3,200,96,999.1,,,26.9
156,堡林,2022-08-13 23:00,27.9,,1.8,200,97,999.3,,,26.9
156,堡林,2022-08-14 00:00,27.8,,1.4,200,97,999.1,,,26.7
156,堡林,2022-08-14 01:00,27.6,,2.1,230,97,998.9,,,26.9
156,堡林,2022-08-14 02:00,27.7,,2.7,230,98,998.8,,,26.6
156,堡林,2022-08-14 03:00,27.4,,3.4,230,99,998.9,,,26.5
156,堡林,2022-08-14 04:00,27.1,,3.3,230,99,998.8,,,26.1
156,堡林,2022-08-14 05:00,27.1,,2,230,99,999.2,,,26.5
156,堡林,2022-08-14 06:00,27,,2.2,230,99,999,0,.06,26.3
156,堡林,2022-08-14 07:00,27.5,,3.2,230,99,999.2,0,.17,27.6
156,堡林,2022-08-14 08:00,28,,3.6,230,99,999.6,0,.47,29.4
156,堡林,2022-08-14 09:00,28.4,,3.2,230,98,999.7,.2,.89,30.7
156,堡林,2022-08-14 10:00,29.3,,2.2,230,97,1000.1,.4,1.17,32.7
156,堡林,2022-08-14 11:00,29.4,,2.3,250,92,1000.2,.3,1.26,32.4
156,堡林,2022-08-14 12:00,32,,4,230,79,999.6,.9,2.95,46.4
156,堡林,2022-08-14 13:00,32.7,,4.7,230,70,999.4,.9,2.89,50.2
156,堡林,2022-08-14 14:00,32.8,,4.8,230,69,999.4,1,3.37,54.4
156,堡林,2022-08-14 15:00,33,,4,250,69,999.2,1,2.98,53.7
156,堡林,2022-08-14 16:00,32.8,,3.6,230,75,999.2,1,2.63,50.2
156,堡林,2022-08-14 17:00,31.6,,3.5,250,80,999.2,1,1.63,40.9
156,堡林,2022-08-14 18:00,30.5,,4.1,230,84,998.9,.3,.71,35.5
156,堡林,2022-08-14 19:00,29.6,,4,230,86,998.9,0,.26,31.8
156,堡林,2022-08-14 20:00,28.8,,2.1,230,92,999.1,0,.06,29.7
156,堡林,2022-08-14 21:00,28.7,,1.9,200,90,999.6,,,28.7
156,堡林,2022-08-14 22:00,28.3,,2.2,200,91,999.8,,,28
156,堡林,2022-08-14 23:00,28.2,,2.2,200,91,999.6,,,28
156,堡林,2022-08-15 00:00,28,,2.3,200,95,999.5,,,28
156,堡林,2022-08-15 01:00,27.8,,2.5,200,97,999.3,,,27.6
156,堡林,2022-08-15 02:00,27.8,,2.5,200,97,999,,,27.8
156,堡林,2022-08-15 03:00,27.9,,1.7,200,97,998.9,,,27.8
156,堡林,2022-08-15 04:00,27.8,,2.1,200,97,998.8,,,27.6
156,堡林,2022-08-15 05:00,27.7,,3,230,97,998.4,,,27.2
156,堡林,2022-08-15 06:00,27.6,,3.1,230,98,998.2,0,.06,26.9
156,堡林,2022-08-15 07:00,28,,3.9,230,98,998.2,0,.24,28.2
156,堡林,2022-08-15 08:00,28.7,,4.1,230,97,997.9,0,.5,30.4
156,堡林,2022-08-15 09:00,29.1,,5.5,230,93,997.5,.6,1.11,32
156,堡林,2022-08-15 10:00,30.1,,6.7,230,88,997.7,.8,1.72,38.9
156,堡林,2022-08-15 11:00,31.8,,8,230,78,997.6,1,2.84,52
156,堡林,2022-08-15 12:00,31.6,,6.1,230,78,997.3,.9,2.65,49.4
156,堡林,2022-08-15 13:00,31.4,,6.2,230,77,996.8,.8,2.19,45.4
156,堡林,2022-08-15 14:00,32,,5.8,230,73,996.4,.7,2.33,48.9
156,堡林,2022-08-15 15:00,32.8,,6.1,230,73,995.9,.9,2.94,54.9
156,堡林,2022-08-15 16:00,31.2,,5.2,230,78,995.4,.4,1.72,43.3
156,堡林,2022-08-15 17:00,30.5,,4.9,230,81,995.4,.2,1.12,38.6
156,堡林,2022-08-15 18:00,29.7,,6.1,230,85,995,.2,.65,34.6
156,堡林,2022-08-15 19:00,29,,5.7,230,89,994.8,0,.24,31.4
156,堡林,2022-08-15 20:00,28.7,,5.1,230,94,995.5,0,.06,30.2
156,堡林,2022-08-15 21:00,28.5,,6.7,230,95,995.8,,,29.6
156,堡林,2022-08-15 22:00,28.3,,5.1,230,96,996,,,29.2
156,堡林,2022-08-15 23:00,28.2,,4.9,230,97,996.1,,,29
156,堡林,2022-08-16 00:00,27.8,,4.9,230,98,995.7,,,28.2
156,堡林,2022-08-16 01:00,27.8,,4.6,230,98,995.2,,,28.4
156,堡林,2022-08-16 02:00,27.6,,5,230,98,994.8,,,28.2
156,堡林,2022-08-16 03:00,27.6,,4,230,98,995.4,,,28.1
156,堡林,2022-08-16 04:00,27.4,,4.2,230,99,995.3,,,27.9
156,堡林,2022-08-16 05:00,26.3,1.2,2.4,250,99,995.8,,,27.1
156,堡林,2022-08-16 06:00,26.2,.4,1.9,250,99,995.9,0,.05,27.1
156,堡林,2022-08-16 07:00,24.6,9.3,1.3,270,99,997,0,.06,25.6
156,堡林,2022-08-16 08:00,24.9,2.7,.7,160,99,997.1,0,.17,26.7
156,堡林,2022-08-16 09:00,25.6,.1,0,0,99,997.3,0,.42,28.2
156,堡林,2022-08-16 10:00,25.9,.1,.7,230,99,997.7,0,.49,29.3
156,堡林,2022-08-16 11:00,25.8,0,.8,200,99,997.8,0,.37,28.3
156,堡林,2022-08-16 12:00,26.7,,1.2,200,99,997.2,0,.68,31.2
156,堡林,2022-08-16 13:00,27.2,,2.5,230,99,996.8,0,1.28,32.3
156,堡林,2022-08-16 14:00,27.3,0,1.3,250,99,996.8,0,.61,30
156,堡林,2022-08-16 15:00,28,.1,.4,0,99,996.6,0,.74,31.3
156,堡林,2022-08-16 16:00,27.2,0,1.9,230,99,996.6,0,.57,30.1
156,堡林,2022-08-16 17:00,27,.1,1.4,230,99,996.8,0,.22,28.7
156,堡林,2022-08-16 18:00,26.8,.1,1.2,250,99,997,0,.16,28.1
156,堡林,2022-08-16 19:00,26,1.4,1.4,200,99,997,0,.11,27.5
156,堡林,2022-08-16 20:00,25.8,.5,.9,230,99,997.7,0,.05,27.1
156,堡林,2022-08-16 21:00,25.7,.1,0,0,99,997.8,,,26.9
156,堡林,2022-08-16 22:00,25.6,.3,1,250,99,998.3,,,26.7
156,堡林,2022-08-16 23:00,24.9,.4,0,0,99,997.8,,,26.2
156,堡林,2022-08-17 00:00,25.2,.2,.6,270,99,997.9,,,26
156,堡林,2022-08-17 01:00,24.4,,0,0,99,998,,,25.9
156,堡林,2022-08-17 02:00,24.5,0,0,0,99,997.6,,,25.9
156,堡林,2022-08-17 03:00,24.9,.1,.2,0,99,997.4,,,25.9
156,堡林,2022-08-17 04:00,24.9,,0,0,99,997.7,,,25.9
156,堡林,2022-08-17 05:00,24.9,,0,0,99,997.8,,,25.7
156,堡林,2022-08-17 06:00,24.7,,0,0,99,997.9,0,.06,25.6
156,堡林,2022-08-17 07:00,24.9,,.3,0,99,998.4,0,.16,26.3
156,堡林,2022-08-17 08:00,25.3,,.4,0,99,998.6,0,.29,27.3
156,堡林,2022-08-17 09:00,25.7,0,.9,50,99,998.4,0,.42,28.3
156,堡林,2022-08-17 10:00,26.8,0,1.1,70,99,998.4,0,.32,31.4
156,堡林,2022-08-17 11:00,27.1,0,1.2,50,99,998.4,0,0,31.5
156,堡林,2022-08-17 12:00,27.2,0,.5,360,99,998.5,0,0,30.6
156,堡林,2022-08-17 13:00,27.6,,1.1,230,99,998.2,0,0,31.1
156,堡林,2022-08-17 14:00,28.3,,.6,250,91,997.9,0,0,32.3
156,堡林,2022-08-17 15:00,28.6,,1.6,250,87,997.3,0,0,31.8
156,堡林,2022-08-17 16:00,29.3,,2.3,250,81,997,0,0,32
156,堡林,2022-08-17 17:00,29.4,,1.4,290,80,997.1,0,0,31.5
156,堡林,2022-08-17 18:00,28.3,,1.1,340,79,997.5,0,0,28.8
156,堡林,2022-08-17 19:00,26.5,,1,290,81,998,0,0,25.7
156,堡林,2022-08-17 20:00,25.1,,.5,290,90,998.7,0,0,24.3
156,堡林,2022-08-17 21:00,24.7,,.6,290,92,999.6,,,23.6
156,堡林,2022-08-17 22:00,24.5,,.1,0,95,1000.2,,,23.2
156,堡林,2022-08-17 23:00,24,,0,0,98,1000.3,,,23
156,堡林,2022-08-18 00:00,23.7,,.8,70,98,1000.2,,,22.7
156,堡林,2022-08-18 01:00,23.3,,.4,0,99,1000.1,,,22.6
156,堡林,2022-08-18 02:00,22.9,,.3,0,99,1000,,,22.5
156,堡林,2022-08-18 03:00,22.6,,.2,0,99,999.8,,,22.2
156,堡林,2022-08-18 04:00,22,,.2,0,99,999.8,,,21.7
156,堡林,2022-08-18 05:00,21.9,,.6,70,99,999.9,,,21.5
156,堡林,2022-08-18 06:00,21.8,,.3,0,99,1000.2,0,0,21.4
156,堡林,2022-08-18 07:00,22.2,,.9,50,99,1000.7,0,0,22.7
156,堡林,2022-08-18 08:00,24.1,,0,0,99,1001.1,0,0,24.5
156,堡林,2022-08-18 09:00,24.5,,.5,290,97,1001,0,0,28
156,堡林,2022-08-18 10:00,25.4,,.6,70,92,1000.9,0,0,28.8
156,堡林,2022-08-18 11:00,27.8,,1.4,90,74,1000.7,0,0,39.3
156,堡林,2022-08-18 12:00,28.4,,1.7,50,67,1000.4,0,0,38.8
156,堡林,2022-08-18 13:00,30.3,,.3,0,59,999.9,0,0,43.5
156,堡林,2022-08-18 14:00,30,,.8,180,60,999.8,0,0,38.4
156,堡林,2022-08-18 15:00,31.2,,1.5,230,57,999.6,0,0,42.8
156,堡林,2022-08-18 16:00,31.3,,1.9,270,53,999.3,0,0,42.7
156,堡林,2022-08-18 17:00,30.9,,2.1,250,57,999.3,0,0,36
156,堡林,2022-08-18 18:00,29.2,,1.3,290,71,999.5,0,0,31.6
156,堡林,2022-08-18 19:00,27.5,,.8,360,77,999.7,0,0,28.3
156,堡林,2022-08-18 20:00,26.9,,1,250,80,1000,0,0,26.4
156,堡林,2022-08-18 21:00,26.4,,1.3,270,79,1000.4,,,25.5
156,堡林,2022-08-18 22:00,25.4,,1.5,200,91,1000.2,,,24.3
156,堡林,2022-08-18 23:00,24.7,,.6,230,93,1000,,,23.7
156,堡林,2022-08-19 00:00,24.6,,.6,230,95,999.8,,,23.2
156,堡林,2022-08-19 01:00,23.8,,.7,200,98,999.6,,,23
156,堡林,2022-08-19 02:00,23.2,,.5,180,99,998.9,,,22.5
156,堡林,2022-08-19 03:00,23.2,,.2,0,99,998.5,,,22.7
156,堡林,2022-08-19 04:00,22.9,,1,110,99,998.3,,,22.6
156,堡林,2022-08-19 05:00,22.7,,0,0,99,998.3,,,22.3
156,堡林,2022-08-19 06:00,23.2,,.4,0,99,998.6,0,0,22.8
156,堡林,2022-08-19 07:00,23.2,,.3,0,98,998.2,0,0,23.8
156,堡林,2022-08-19 08:00,24.8,,0,0,96,998.2,0,.01,26.5
156,堡林,2022-08-19 09:00,26.3,,0,0,92,998.3,.1,.92,29.2
156,堡林,2022-08-19 10:00,27.9,,.6,230,91,998,.2,1.03,34.1
156,堡林,2022-08-19 11:00,29.9,,1.6,250,90,997.5,.4,1.57,37.7
156,堡林,2022-08-19 12:00,30.4,,1.9,230,88,997.2,.4,1.75,39
156,堡林,2022-08-19 13:00,31,,3.6,250,87,996.6,.7,2.28,40.4
156,堡林,2022-08-19 14:00,31.2,,3.8,230,77,996.2,.5,2.13,40.7
156,堡林,2022-08-19 15:00,31.5,,4.2,230,77,995.6,.9,2.56,43.6
156,堡林,2022-08-19 16:00,31.8,,4.3,230,78,995.5,.9,2.12,42.8
156,堡林,2022-08-19 17:00,30.3,,4.4,230,86,995.4,.5,1.26,36.7
156,堡林,2022-08-19 18:00,29.4,,2.7,230,90,995.2,0,.48,32.5
156,堡林,2022-08-19 19:00,28.8,,3.5,230,97,995.2,0,.13,30.4
156,堡林,2022-08-19 20:00,28.3,,3.2,230,97,995.8,0,.05,29
156,堡林,2022-08-19 21:00,27.8,,3.1,230,99,996.1,,,28.2
156,堡林,2022-08-19 22:00,27.7,,3.6,230,99,996.5,,,28
156,堡林,2022-08-19 23:00,27.4,,3.2,230,99,995.9,,,27.7
156,堡林,2022-08-20 00:00,27.3,,3.2,230,99,995.8,,,27.3
156,堡林,2022-08-20 01:00,27.3,,2,230,99,995.2,,,27.3
156,堡林,2022-08-20 02:00,27.3,,2.5,230,99,994.9,,,27.5
156,堡林,2022-08-20 03:00,27.3,,2.4,230,99,994.7,,,27.3
156,堡林,2022-08-20 04:00,27.2,,2.9,230,99,994.6,,,27.4
156,堡林,2022-08-20 05:00,27,,2.4,230,99,994.6,,,27.4
156,堡林,2022-08-20 06:00,26.9,0,2.9,230,99,994.9,0,.05,27.3
156,堡林,2022-08-20 07:00,26.6,.2,2,230,99,995.3,0,.08,27.5
156,堡林,2022-08-20 08:00,26.8,0,1.7,230,99,995.5,0,.12,27.8
156,堡林,2022-08-20 09:00,26.7,1,1.4,200,99,995.5,0,.16,27.8
156,堡林,2022-08-20 10:00,26.7,14.2,.8,270,99,995.6,0,.14,27.4
156,堡林,2022-08-20 11:00,25.8,13.4,.7,270,99,996,0,.18,26.7
156,堡林,2022-08-20 12:00,26.1,3,.9,270,99,996,0,.46,28.6
156,堡林,2022-08-20 13:00,27.6,.4,0,0,99,995.2,0,1.15,33.1
156,堡林,2022-08-20 14:00,27.4,,.3,0,99,995,0,1.08,31.1
156,堡林,2022-08-20 15:00,26.3,0,.4,0,99,995,0,.24,28.5
156,堡林,2022-08-20 16:00,27.9,,.8,230,97,994.6,.1,.87,32.5
156,堡林,2022-08-20 17:00,27.8,,1.1,230,97,994.5,.3,1.12,30.5
156,堡林,2022-08-20 18:00,28.8,,.2,0,94,994.3,.3,.54,29.4
156,堡林,2022-08-20 19:00,27.5,,.7,320,98,994.8,.7,.36,27.3
156,堡林,2022-08-20 20:00,26.3,,1,290,99,995.2,0,.06,26
156,堡林,2022-08-20 21:00,25.6,,.6,290,99,996.1,,,25.2
156,堡林,2022-08-20 22:00,25.1,,.7,250,99,996.3,,,25
156,堡林,2022-08-20 23:00,24.9,,.6,250,99,996.4,,,24.3
156,堡林,2022-08-21 00:00,24.8,,.7,270,99,996.2,,,25
156,堡林,2022-08-21 01:00,24.7,,0,0,99,996.1,,,24.9
156,堡林,2022-08-21 02:00,24.6,,0,0,99,995.9,,,25.3
156,堡林,2022-08-21 03:00,24.5,,.3,0,99,995.7,,,25.5
156,堡林,2022-08-21 04:00,24.5,,.8,70,99,996,,,25.4
156,堡林,2022-08-21 05:00,24.3,,1.1,70,99,996.4,,,25.4
156,堡林,2022-08-21 06:00,24.2,,.5,50,99,996.7,0,.05,25.4
156,堡林,2022-08-21 07:00,24.4,,.7,70,99,997.3,.1,.19,25.5
156,堡林,2022-08-21 08:00,25.8,,0,0,98,997.6,.8,.75,26.6
156,堡林,2022-08-21 09:00,26.9,,.1,0,95,997.9,1,1.46,30.2
156,堡林,2022-08-21 10:00,27.9,,.4,0,95,998.1,.3,1.47,32.8
156,堡林,2022-08-21 11:00,28.8,,.6,320,86,998,.6,1.95,36.8
156,堡林,2022-08-21 12:00,30.2,,.7,320,82,997.5,.6,2.1,37.5
156,堡林,2022-08-21 13:00,31.3,,.6,270,73,997.1,.7,2.59,41.3
156,堡林,2022-08-21 14:00,30,,.7,320,73,996.8,.2,1.36,34.9
156,堡林,2022-08-21 15:00,31.6,,1.4,230,68,996.5,.5,1.78,38
156,堡林,2022-08-21 16:00,31.1,,1.1,250,76,996.3,.8,2.2,37.7
156,堡林,2022-08-21 17:00,29.8,,.9,270,81,996.3,.4,1.23,34
156,堡林,2022-08-21 18:00,29.5,,.2,0,84,996.2,.4,.59,31.8
156,堡林,2022-08-21 19:00,28.2,,.9,290,89,996.7,.3,.33,29.9
156,堡林,2022-08-21 20:00,27.3,,.6,290,96,997.4,0,.05,28.1
156,堡林,2022-08-21 21:00,26.8,,.6,250,97,998.1,,,27.2
156,堡林,2022-08-21 22:00,26,,1,230,99,998.2,,,26.4
156,堡林,2022-08-21 23:00,25.7,,.5,250,99,998.2,,,25.8
156,堡林,2022-08-22 00:00,25.4,,1.8,230,99,998,,,25.5
156,堡林,2022-08-22 01:00,25.3,,.6,230,99,997.7,,,25
156,堡林,2022-08-22 02:00,25.2,,.6,250,99,997.3,,,24.7
156,堡林,2022-08-22 03:00,25.1,,0,0,99,997.2,,,25.4
156,堡林,2022-08-22 04:00,25,,0,0,99,997.1,,,25.7
156,堡林,2022-08-22 05:00,24.7,,.4,0,99,996.9,,,24.8
156,堡林,2022-08-22 06:00,24.1,,0,0,99,997,0,.05,24.4
156,堡林,2022-08-22 07:00,24.6,,.2,0,99,997.7,0,.19,25
156,堡林,2022-08-22 08:00,25.6,,.1,0,99,997.9,.6,.68,26.6
156,堡林,2022-08-22 09:00,27.3,,.5,90,96,998.1,.6,1.34,29.3
156,堡林,2022-08-22 10:00,28.6,,1.2,200,74,997.6,.9,2.04,43
156,堡林,2022-08-22 11:00,30,,1.6,230,73,997.2,1,2.85,47.9
156,堡林,2022-08-22 12:00,30.9,,2,230,63,996.7,1,3.36,56.6
156,堡林,2022-08-22 13:00,31.9,,2.6,230,60,996.5,1,3.45,55.9
156,堡林,2022-08-22 14:00,32.5,,2.2,230,56,996.3,1,3.32,56
156,堡林,2022-08-22 15:00,32.1,,2,230,53,995.9,1,2.99,53.1
156,堡林,2022-08-22 16:00,32.3,,2.5,230,54,996.1,1,2.33,49.9
156,堡林,2022-08-22 17:00,30.3,,2.6,270,61,996.2,.7,1.25,35.4
156,堡林,2022-08-22 18:00,30.1,,1.5,250,67,996.2,.3,.72,33.7
156,堡林,2022-08-22 19:00,28.6,,1.8,270,78,996.5,0,.25,28.9
156,堡林,2022-08-22 20:00,27.9,,1.4,250,83,997.4,0,.05,27
156,堡林,2022-08-22 21:00,27.6,,1.8,200,84,997.6,,,26.6
156,堡林,2022-08-22 22:00,27,,.8,200,89,997.7,,,26.3
156,堡林,2022-08-22 23:00,26.6,,.3,0,91,997.7,,,25.7
156,堡林,2022-08-23 00:00,26.8,,1.2,200,87,997.7,,,26
156,堡林,2022-08-23 01:00,26.2,,.7,230,90,997.8,,,25.7
156,堡林,2022-08-23 02:00,26.2,,.1,0,90,997.3,,,25.8
156,堡林,2022-08-23 03:00,25.9,,.6,200,92,997.3,,,25.7
156,堡林,2022-08-23 04:00,26,,0,0,91,997.2,,,25.7
156,堡林,2022-08-23 05:00,25.8,0,.1,0,95,997.3,,,25.7
156,堡林,2022-08-23 06:00,25.4,0,.3,0,99,997.8,0,.05,25.6
156,堡林,2022-08-23 07:00,25.6,,.6,90,99,998,0,.13,26.4
156,堡林,2022-08-23 08:00,26.4,,0,0,97,998.2,0,.32,28.4
156,堡林,2022-08-23 09:00,27.3,,1.4,200,97,998.5,0,.51,31
156,堡林,2022-08-23 10:00,27.5,,1.4,250,91,999.1,0,.84,31.7
156,堡林,2022-08-23 11:00,27.6,,2.3,230,96,999,0,.53,31.9
156,堡林,2022-08-23 12:00,27.9,,1,200,96,998.5,0,.66,32.6
156,堡林,2022-08-23 13:00,28.4,,1.6,200,97,998.1,0,.98,34.9
156,堡林,2022-08-23 14:00,28,0,1.5,250,98,998.1,0,.49,31.9
156,堡林,2022-08-23 15:00,28.4,0,2.2,230,99,997.7,0,.6,32.9
156,堡林,2022-08-23 16:00,28.3,0,1.9,230,99,997.3,0,.62,31
156,堡林,2022-08-23 17:00,27.3,.5,1.2,290,99,997.6,0,.27,28.8
156,堡林,2022-08-23 18:00,26.8,0,.6,340,99,997.6,0,.2,28.1
156,堡林,2022-08-23 19:00,25.1,22.2,1.7,50,99,997.9,0,.07,25.4
156,堡林,2022-08-23 20:00,25.3,2,.7,90,99,998.5,0,.06,26
156,堡林,2022-08-23 21:00,25.3,0,.2,0,99,999,,,26.2
156,堡林,2022-08-23 22:00,25.2,,.1,0,99,999.2,,,26.2
156,堡林,2022-08-23 23:00,24.8,,.5,290,99,999,,,25.9
156,堡林,2022-08-24 00:00,24.6,,.3,0,99,999,,,25.6
156,堡林,2022-08-24 01:00,24.3,,.2,0,99,998.9,,,25.3
156,堡林,2022-08-24 02:00,23.6,.1,.3,0,99,998.8,,,24.9
156,堡林,2022-08-24 03:00,23.3,.4,0,0,99,998.5,,,24.9
156,堡林,2022-08-24 04:00,22.9,1.2,.1,0,99,998.4,,,24.6
156,堡林,2022-08-24 05:00,23.3,.7,0,0,99,998.4,,,24.9
156,堡林,2022-08-24 06:00,23.4,,0,0,99,998.8,0,.06,24.8
156,堡林,2022-08-24 07:00,23.4,,.6,270,99,999.2,0,.09,25.1
156,堡林,2022-08-24 08:00,23.6,,1.1,250,99,999.8,0,.29,26.2
156,堡林,2022-08-24 09:00,24.3,,.7,270,99,999.9,0,.73,28.5
156,堡林,2022-08-24 10:00,25.6,,0,0,98,1000.6,0,1.19,31.3
156,堡林,2022-08-24 11:00,26.4,,.1,0,97,1000.4,.1,1.43,32.2
156,堡林,2022-08-24 12:00,26.9,,.7,110,91,999.7,0,1.18,33.2
156,堡林,2022-08-24 13:00,27.9,,.8,110,92,999.2,.2,1.51,34.6
156,堡林,2022-08-24 14:00,29.9,,1.2,230,73,998.7,.8,2.67,40.5
156,堡林,2022-08-24 15:00,30.6,,2.3,230,68,998.1,.6,2.22,40.3
156,堡林,2022-08-24 16:00,28.6,,1.3,270,76,997.8,.3,1.42,32.9
156,堡林,2022-08-24 17:00,28,,.6,340,80,998.2,.4,1.2,30.6
156,堡林,2022-08-24 18:00,28.3,,1.4,250,75,998.2,.9,1.01,29.7
156,堡林,2022-08-24 19:00,26.6,,1.3,270,84,998.6,.6,.29,26.3
156,堡林,2022-08-24 20:00,25.6,,1.3,250,89,999.1,0,.06,25
156,堡林,2022-08-24 21:00,25.3,,1,230,89,999.7,,,25.2
156,堡林,2022-08-24 22:00,24.5,,1.6,230,94,1000,,,24.6
156,堡林,2022-08-24 23:00,24,,1.8,230,93,1000.2,,,24.4
156,堡林,2022-08-25 00:00,23.6,,.7,230,94,1000.3,,,23.5
156,堡林,2022-08-25 01:00,23.3,,1.8,230,96,1000,,,23
156,堡林,2022-08-25 02:00,22.9,,1.2,200,97,999.9,,,22.5
156,堡林,2022-08-25 03:00,23,,1.1,200,98,999.9,,,22.9
156,堡林,2022-08-25 04:00,22.7,,1.1,200,99,999.8,,,22.3
156,堡林,2022-08-25 05:00,22.2,,.2,0,99,1000,,,22
156,堡林,2022-08-25 06:00,22,,0,0,99,1000.1,0,.05,22
156,堡林,2022-08-25 07:00,22.3,,.5,230,99,1000.5,.1,.16,22.5
156,堡林,2022-08-25 08:00,23.5,,0,0,98,1000.7,.7,.71,26.3
156,堡林,2022-08-25 09:00,25,,1,230,91,1000.7,.8,1.46,33.3
156,堡林,2022-08-25 10:00,25.4,,.6,250,87,1000.5,.8,1.86,34
156,堡林,2022-08-25 11:00,27,,1.3,230,78,1000.5,.9,2.65,42.1
156,堡林,2022-08-25 12:00,28.1,,.9,270,70,999.9,.8,2.63,43.9
156,堡林,2022-08-25 13:00,27.8,,.9,360,73,999.1,.6,2.4,37.5
156,堡林,2022-08-25 14:00,29.1,,1.3,320,64,998.5,.7,2.15,42.2
156,堡林,2022-08-25 15:00,29.6,,1.1,290,60,998.3,1,2.97,44.8
156,堡林,2022-08-25 16:00,29.1,,1.1,320,64,998.3,1,2.3,40.8
156,堡林,2022-08-25 17:00,27.3,,1.2,320,62,999.1,.3,1.23,35.1
156,堡林,2022-08-25 18:00,25.6,,2.1,20,66,999.4,.5,.86,29.3
156,堡林,2022-08-25 19:00,24.7,,1,320,68,999.4,0,.19,25.4
156,堡林,2022-08-25 20:00,23.9,,.5,50,70,999.8,0,.05,24
156,堡林,2022-08-25 21:00,24,,1.1,50,68,1000.8,,,23.8
156,堡林,2022-08-25 22:00,23,,1.8,70,73,1000.9,,,23.4
156,堡林,2022-08-25 23:00,22.2,,2.5,70,71,1000.7,,,22.8
156,堡林,2022-08-26 00:00,22,,1.1,70,70,1000.7,,,22.4
156,堡林,2022-08-26 01:00,21.9,,1.4,70,71,1000.5,,,22.3
156,堡林,2022-08-26 02:00,21.7,,.6,50,72,1000.2,,,21.7
156,堡林,2022-08-26 03:00,21.4,,1,50,76,999.6,,,21.2
156,堡林,2022-08-26 04:00,21.7,,.7,70,73,999.5,,,21.8
156,堡林,2022-08-26 05:00,21.9,,1.2,50,73,999.7,,,21.9
156,堡林,2022-08-26 06:00,21.4,,1.3,70,79,1000.2,,.05,21.9
156,堡林,2022-08-26 07:00,21.3,,1.5,70,77,1000,.1,.18,21.6
156,堡林,2022-08-26 08:00,22.8,,1.6,50,70,1000.7,1,.87,24
156,堡林,2022-08-26 09:00,23.8,,1.8,70,63,1000.5,1,1.66,32.7
156,堡林,2022-08-26 10:00,25.3,,1.5,70,62,1000.4,1,2.38,37.4
156,堡林,2022-08-26 11:00,26.2,,.7,360,59,1000.2,1,2.91,44.3
156,堡林,2022-08-26 12:00,27.1,,1.8,20,57,1000.1,1,3.2,49.3
156,堡林,2022-08-26 13:00,27.8,,.6,110,56,999.2,1,3.43,52.7
156,堡林,2022-08-26 14:00,28.6,,1.1,360,51,999,1,3.3,53
156,堡林,2022-08-26 15:00,28.9,,1.5,320,52,998.4,1,3,51
156,堡林,2022-08-26 16:00,28.8,,1.3,290,55,998.2,1,2.5,45.1
156,堡林,2022-08-26 17:00,27.9,,1.5,290,59,998.4,1,1.68,35.9
156,堡林,2022-08-26 18:00,26.9,,1.1,340,68,998.7,.7,.75,31.6
156,堡林,2022-08-26 19:00,25,,1.3,340,76,999.1,.6,.33,27
156,堡林,2022-08-26 20:00,24.2,,1,320,79,999.5,0,.05,24.9
156,堡林,2022-08-26 21:00,23.6,,.2,0,84,1000.3,,,23.9
156,堡林,2022-08-26 22:00,23.1,,1,50,88,1001.1,,,23.2
156,堡林,2022-08-26 23:00,23,,.5,50,87,1001.1,,,22.7
156,堡林,2022-08-27 00:00,22.5,,.2,0,91,1001.5,,,22.4
156,堡林,2022-08-27 01:00,22.3,,0,0,93,1001.3,,,21.9
156,堡林,2022-08-27 02:00,22.3,,.6,230,96,1001.1,,,22.2
156,堡林,2022-08-27 03:00,21.8,,.1,0,98,1000.8,,,21.5
156,堡林,2022-08-27 04:00,21.5,,0,0,99,1001.1,,,21.1
156,堡林,2022-08-27 05:00,21.5,,.1,0,99,1001.4,,,22
156,堡林,2022-08-27 06:00,21.2,,0,0,99,1001.5,,,22.3
156,堡林,2022-08-27 07:00,22,,0,0,99,1001.6,0,.1,23
156,堡林,2022-08-27 08:00,22,,1,270,98,1001.9,0,.25,24.1
156,堡林,2022-08-27 09:00,23,,1.2,250,97,1001.8,0,.65,28
156,堡林,2022-08-27 10:00,23.6,,.9,270,94,1002.1,0,1.05,31.5
156,堡林,2022-08-27 11:00,24.8,,.5,230,83,1002,.2,1.7,34.7
156,堡林,2022-08-27 12:00,25.6,,1.4,270,70,1002,.2,1.84,41.6
156,堡林,2022-08-27 13:00,26.1,,1.2,230,50,1001.8,.9,2.96,50.1
156,堡林,2022-08-27 14:00,25.8,,1.4,230,54,1001.9,.9,3.1,44.4
156,堡林,2022-08-27 15:00,25.3,,1.4,230,43,1001.7,.3,1.47,37.5
156,堡林,2022-08-27 16:00,25.8,,2.1,180,46,1001.4,.9,2.31,40.8
156,堡林,2022-08-27 17:00,25.8,,1.1,230,47,1001.8,1,1.87,32.7
156,堡林,2022-08-27 18:00,24.8,,1.4,200,49,1002.4,1,1.06,26.9
156,堡林,2022-08-27 19:00,23,,1.7,200,57,1002.9,.7,.32,23.4
156,堡林,2022-08-27 20:00,21.8,,1.4,200,65,1003.7,0,.05,21.6
156,堡林,2022-08-27 21:00,20.8,,.9,200,70,1004.2,,,20.3
156,堡林,2022-08-27 22:00,19.7,,1.5,230,77,1004.4,,,19.6
156,堡林,2022-08-27 23:00,19.3,,1.5,230,81,1004.6,,,19
156,堡林,2022-08-28 00:00,19.5,,1.9,200,78,1005,,,18.7
156,堡林,2022-08-28 01:00,18.7,,1.7,230,82,1004.7,,,18.8
156,堡林,2022-08-28 02:00,18.2,,1.5,200,84,1004.9,,,18
156,堡林,2022-08-28 03:00,18.3,,1.7,230,84,1005.4,,,17.2
156,堡林,2022-08-28 04:00,18,,2.2,230,87,1005,,,17.1
156,堡林,2022-08-28 05:00,17.7,,1.2,230,85,1005.3,,,17.5
156,堡林,2022-08-28 06:00,18.3,,1.4,200,83,1005.8,,,18.2
156,堡林,2022-08-28 07:00,18.8,,1,230,82,1006.5,0,.14,19.4
156,堡林,2022-08-28 08:00,19.6,,1.2,230,76,1006.7,0,.47,22.2
156,堡林,2022-08-28 09:00,20.8,,1.8,230,70,1006.9,.4,1.16,29.2
156,堡林,2022-08-28 10:00,22.5,,.8,230,66,1006.9,1,2.1,36.8
156,堡林,2022-08-28 11:00,24.6,,1,230,55,1007,1,2.74,43.6
156,堡林,2022-08-28 12:00,26.5,,.6,250,51,1006.7,1,2.97,47.8
156,堡林,2022-08-28 13:00,27.2,,2.9,230,49,1006.5,1,2.92,51.2
156,堡林,2022-08-28 14:00,27.6,,2,230,49,1006.1,.9,2.54,47.5
156,堡林,2022-08-28 15:00,27.6,,2.1,230,47,1005.5,1,2.89,46.1
156,堡林,2022-08-28 16:00,28.4,,1.8,230,47,1005.2,1,2.41,43.5
156,堡林,2022-08-28 17:00,26.6,,1.8,230,53,1005,.3,1.06,34.9
156,堡林,2022-08-28 18:00,25.6,,2,230,56,1005.5,.1,.55,29.6
156,堡林,2022-08-28 19:00,24.9,,2,230,57,1006.1,.2,.23,26.9
156,堡林,2022-08-28 20:00,24.5,,1.7,230,58,1006.6,0,.05,25.2
156,堡林,2022-08-28 21:00,23.8,,.2,0,65,1006.7,,,24.1
156,堡林,2022-08-28 22:00,23.4,,1,230,67,1006.7,,,24
156,堡林,2022-08-28 23:00,22.6,,.9,230,70,1006.9,,,23.1
156,堡林,2022-08-29 00:00,22.6,,.9,250,80,1006.9,,,23
156,堡林,2022-08-29 01:00,22,,.1,0,83,1006.7,,,21.9
156,堡林,2022-08-29 02:00,21.3,,.7,250,90,1006.5,,,21.1
156,堡林,2022-08-29 03:00,20.4,,.7,140,88,1006.3,,,20.4
156,堡林,2022-08-29 04:00,20.3,,1.2,140,88,1006.5,,,20.5
156,堡林,2022-08-29 05:00,19.9,,1,90,92,1006.5,,,20.5
156,堡林,2022-08-29 06:00,20,,1.1,70,90,1006.3,,,20.1
156,堡林,2022-08-29 07:00,20.1,,1.1,70,90,1006.5,0,.14,21.8
156,堡林,2022-08-29 08:00,20.7,,1.7,90,85,1006.4,0,.47,24.3
156,堡林,2022-08-29 09:00,21.2,,1.6,70,82,1006.7,0,.52,25.1
156,堡林,2022-08-29 10:00,22.1,,1,70,78,1007.3,0,.64,27.6
156,堡林,2022-08-29 11:00,23.2,,1.9,90,78,1007.8,0,1.02,30.9
156,堡林,2022-08-29 12:00,21.2,0,1.6,70,91,1007.6,0,.52,25
156,堡林,2022-08-29 13:00,22.2,0,2,90,94,1007.2,0,.73,27.9
156,堡林,2022-08-29 14:00,22.4,0,2.5,90,89,1006.7,0,.91,27.1
156,堡林,2022-08-29 15:00,22.6,0,2,90,88,1006.1,0,.66,26.5
156,堡林,2022-08-29 16:00,22.8,,2.1,70,90,1005.8,0,.44,26.8
156,堡林,2022-08-29 17:00,23.3,,2,70,88,1005.5,0,.49,28.1
156,堡林,2022-08-29 18:00,23.2,,1.9,70,83,1005.7,0,.37,26.2
156,堡林,2022-08-29 19:00,22.8,,1.4,70,88,1005.5,0,.15,24
156,堡林,2022-08-29 20:00,22.8,,1.3,70,90,1006,0,.06,23.8
156,堡林,2022-08-29 21:00,22.6,,.8,50,92,1006.7,,,23.6
156,堡林,2022-08-29 22:00,22.5,,1.2,90,92,1006.3,,,23
156,堡林,2022-08-29 23:00,22.4,,.9,70,92,1005.8,,,23
156,堡林,2022-08-30 00:00,22.4,,.4,0,93,1006,,,23
156,堡林,2022-08-30 01:00,22.2,,.5,70,94,1005.6,,,22.9
156,堡林,2022-08-30 02:00,22.4,,.1,0,95,1005,,,23.2
156,堡林,2022-08-30 03:00,22.3,,.7,50,96,1004.3,,,23.2
156,堡林,2022-08-30 04:00,22.3,,0,0,97,1003.6,,,23.1
156,堡林,2022-08-30 05:00,22,,.1,0,97,1003.2,,,23
156,堡林,2022-08-30 06:00,22.2,,.1,0,98,1003,,,22.6
156,堡林,2022-08-30 07:00,22.5,,.6,90,98,1003.2,0,.12,23.6
156,堡林,2022-08-30 08:00,24.1,,.2,0,93,1003,.1,.6,28.2
156,堡林,2022-08-30 09:00,24.8,,.8,140,93,1002.5,0,.66,28.7
156,堡林,2022-08-30 10:00,25.9,,.2,0,91,1002.9,0,.69,32.5
156,堡林,2022-08-30 11:00,26.2,,.9,230,93,1002.3,0,.69,30.6
156,堡林,2022-08-30 12:00,27.1,,2.9,230,91,1002.1,0,.92,33.9
156,堡林,2022-08-30 13:00,27.6,,2.6,200,90,1001.3,0,1.26,38.6
156,堡林,2022-08-30 14:00,26.7,0,1.3,230,97,1000.8,0,.86,31.5
156,堡林,2022-08-30 15:00,26.4,0,1.4,200,98,1000.6,0,.43,29.6
156,堡林,2022-08-30 16:00,26.7,.1,1.6,200,98,999.6,0,.51,29.5
156,堡林,2022-08-30 17:00,27,0,2.4,200,97,999.2,0,.59,29.3
156,堡林,2022-08-30 18:00,26.7,,2,200,98,999.2,0,.35,28.3
156,堡林,2022-08-30 19:00,26.4,,2.7,200,98,999.4,0,.19,26.8
156,堡林,2022-08-30 20:00,24.8,1.2,.8,200,99,999.7,0,.05,25.7
156,堡林,2022-08-30 21:00,25,0,2,200,99,999.9,,,25.1
156,堡林,2022-08-30 22:00,24.5,0,.9,200,99,999.6,,,25
156,堡林,2022-08-30 23:00,24.6,0,1.7,200,99,999.2,,,24.8
156,堡林,2022-08-31 00:00,24.1,0,1.1,230,99,998.9,,,24.8
156,堡林,2022-08-31 01:00,23.6,2.2,1.3,230,99,999,,,24.6
156,堡林,2022-08-31 02:00,23.5,.2,.7,250,99,998.8,,,24.6
156,堡林,2022-08-31 03:00,23.4,,1,230,99,998.4,,,24.4
156,堡林,2022-08-31 04:00,23.1,.2,.5,270,99,998.3,,,24.3
156,堡林,2022-08-31 05:00,22.6,.1,.3,0,99,998.6,,,23.9
156,堡林,2022-08-31 06:00,22,.7,.5,270,99,999.4,,,23.3
156,堡林,2022-08-31 07:00,21.9,.3,.1,0,99,999.5,0,.08,23.4
156,堡林,2022-08-31 08:00,21.8,.7,1.3,290,99,999.5,0,.25,24.5
156,堡林,2022-08-31 09:00,21.8,,.9,50,99,1000.4,0,.38,24.6
156,堡林,2022-08-31 10:00,22.9,,1.3,90,99,1000.6,0,.93,28
156,堡林,2022-08-31 11:00,23.1,,.6,110,98,1000.8,0,.92,27.2
156,堡林,2022-08-31 12:00,23.8,,.7,180,93,1000.4,0,.96,28.4
156,堡林,2022-08-31 13:00,24.3,,1.6,140,85,999.9,0,1.47,29.8
156,堡林,2022-08-31 14:00,26,,2.7,140,77,999.8,.4,2.05,34.8
156,堡林,2022-08-31 15:00,25.7,,2.1,160,73,999.6,.6,1.86,31.1
156,堡林,2022-08-31 16:00,25.8,,1.4,140,72,999.4,.7,2.22,31.2
156,堡林,2022-08-31 17:00,25.3,,1.1,140,74,999.7,.7,1.21,27.2
156,堡林,2022-08-31 18:00,24.6,,1.7,140,83,1000,.4,.62,25.9
156,堡林,2022-08-31 19:00,23.2,,1.5,200,92,1000.3,0,.16,23.6
156,堡林,2022-08-31 20:00,22.4,,.5,90,97,1000.8,0,.05,22.5
156,堡林,2022-08-31 21:00,21.7,,.4,0,98,1001.5,,,22
156,堡林,2022-08-31 22:00,21.6,,1,70,98,1001.9,,,21.6
156,堡林,2022-08-31 23:00,21.6,,.7,70,99,1002.4,,,21.4
